{
  "DC0_RF300": {
    "lower": 211721510.4,
    "upper": 211921081.13714013,
    "mean": 211835515.9245283,
    "std": 28521.737537275803
  },
  "DC0_RF400": {
    "lower": 211723760.0,
    "upper": 211908830.7061764,
    "mean": 211827002.56603774,
    "std": 27276.046712882988
  },
  "DC0_RF500": {
    "lower": 211724700.8,
    "upper": 211920685.6974687,
    "mean": 211834148.93457943,
    "std": 28845.587629757185
  },
  "DC1000_RF0": {
    "lower": 211748659.2,
    "upper": 211762060.8,
    "mean": 211755250.65365854,
    "std": 2108.9699952875576
  },
  "DC1000_RF300": {
    "lower": 211722038.4,
    "upper": 211926503.67326415,
    "mean": 211834951.4074074,
    "std": 30517.421952252076
  },
  "DC1000_RF400": {
    "lower": 211719990.4,
    "upper": 211925316.90779498,
    "mean": 211833623.21860465,
    "std": 30564.563063443074
  },
  "DC1000_RF500": {
    "lower": 211720275.2,
    "upper": 211928514.67559075,
    "mean": 211833120.29493088,
    "std": 31798.126886630747
  },
  "DC2000_RF0": {
    "lower": 211742094.64719296,
    "upper": 211761131.2,
    "mean": 211751106.74509802,
    "std": 3004.032635022445
  },
  "DC2000_RF300": {
    "lower": 211711594.7372988,
    "upper": 211855395.2,
    "mean": 211771921.19069767,
    "std": 20108.81779962507
  },
  "DC2000_RF400": {
    "lower": 211727088.0,
    "upper": 211926484.78516623,
    "mean": 211832622.5185185,
    "std": 31287.42221590529
  },
  "DC2000_RF500": {
    "lower": 211727256.0,
    "upper": 211924634.97307122,
    "mean": 211835732.63551402,
    "std": 29634.11251906126
  },
  "DC3000_RF0": {
    "lower": 211734667.88766986,
    "upper": 211751267.2,
    "mean": 211742754.00966182,
    "std": 2695.373997317236
  },
  "DC3000_RF300": {
    "lower": 211680328.31373125,
    "upper": 211859216.3247664,
    "mean": 211769772.31924883,
    "std": 29814.668505855345
  },
  "DC3000_RF400": {
    "lower": 211685612.4687471,
    "upper": 211899905.4838595,
    "mean": 211792758.9763033,
    "std": 35715.50251872869
  },
  "DC3000_RF500": {
    "lower": 211721432.0,
    "upper": 211927557.4183167,
    "mean": 211832742.14814815,
    "std": 31605.090056184526
  }
}