{"train_loss": [0.4909780914032901, 0.2107166314014682, 0.1992641877796915, 0.20442895453285287, 0.2038293265634113, 0.18797222731841934, 0.17013567437728247, 0.1654079274998771, 0.17194037649918487, 0.16929609121547806, 0.16722624541984665, 0.15811140276491642, 0.15596786120699513, 0.1635475775433911, 0.16239212342986353, 0.1553848385810852, 0.15317370107880346, 0.15591429863814954, 0.15240217200307934, 0.1516455722351869, 0.15243599149915907, 0.1561623860012602, 0.15137346896032491, 0.14872664089004198, 0.15160239694847, 0.1491318866610527, 0.14691432703424384, 0.14874686866446776, 0.1479887217283249, 0.15702844645690034, 0.153792812316506, 0.15597281825763207, 0.15362736044658554, 0.15874878455091407, 0.1778470508892227, 0.15976064031322798, 0.15704083332309016, 0.15820832371159835, 0.15570241378413308, 0.15196508196768937, 0.15335227135154936, 0.15171261980301803, 0.15534067319499123, 0.15879389160761126, 0.15419487834528642, 0.15613482133657844, 0.15068366709682676, 0.151767051882214, 0.14895414257491077, 0.14585185602859216, 0.15098151143778255, 0.14848423114529363, 0.15037510047356287, 0.15310957600121144, 0.149946679395658, 0.14868811483460445, 0.14751044653907971, 0.15387948768006432, 0.15127539220783445, 0.14843913498851988, 0.1495452334207517, 0.1536852620817997, 0.14681119168246234, 0.14910989613444717, 0.14684904539198787, 0.1480800839209998, 0.1461385083557279], "val_loss": [0.2822846683806607, 0.33554431543286356, 0.25003621115216185, 0.2464174833148718, 0.23866925205636239, 0.21174324766200567, 0.22246413842575358, 0.24598486249202065, 0.270606715498226, 0.23273750790394843, 0.29462730954401195, 0.22494747213620161, 0.25393361332161085, 0.1890171920614583, 0.22713934630155563, 0.2434353418648243, 0.23794567215788578, 0.22679082593614502, 0.24518367149201886, 0.2138028656564919, 0.20992804165663465, 0.22471777645737998, 0.22611978856314505, 0.2071838659633483, 0.2129941449799974, 0.21388283977285028, 0.21468460323688174, 0.2150574542715081, 0.21274389067132557, 0.21278025126749917, 0.3446365464146116, 0.32958774933857576, 0.23383517856044428, 0.1881829637568444, 0.22326642354684217, 0.22389514059094445, 0.18529365198420628, 0.2105321421487523, 0.3144389696286193, 0.2540419844777456, 0.19609898694657854, 0.189746916493667, 0.19899156486748584, 0.21246832582567418, 0.21479470748454332, 0.3523990127391049, 0.23954861225294216, 0.2341144107548254, 0.20977602804279222, 0.21473930536636285, 0.2680767316903387, 0.21050074794662318, 0.20703705227268593, 0.2005533618586404, 0.2792071135980742, 0.20588017882047488, 0.20500509058391408, 0.28016025982131915, 0.2137870802710365, 0.22837908128609083, 0.19719952622628106, 0.21822421086419905, 0.20612438202702574, 0.19928658396072155, 0.23774683492125145, 0.2237436148737158, 0.21191479297288293], "lr": [0.0009972636867364526, 0.000989084726566536, 0.0009755527298894294, 0.0009568159560924792, 0.0009330796891903273, 0.0009046039886902864, 0.0008717008403259585, 0.0008347307378762498, 0.0007940987335200904, 0.0007502500000000002, 0.0007036649532163624, 0.0006548539886902864, 0.0006043518895634708, 0.000552711967402193, 0.0005005000000000002, 0.00044828803259780724, 0.00039664811043652927, 0.0003461460113097139, 0.0002973350467836379, 0.00025075000000000016, 0.00020690126647990973, 0.0001662692621237505, 0.00012929915967404169, 9.639601130971382e-05, 6.792031080967287e-05, 4.418404390752081e-05, 2.5447270110570814e-05, 1.191527343346406e-05, 3.736313263547436e-06, 0.001, 0.0009993154526099096, 0.0009972636867364526, 0.0009938503261272714, 0.000989084726566536, 0.0009829799502313896, 0.0009755527298894294, 0.0009668234230353523, 0.0009568159560924792, 0.0009455577588320898, 0.0009330796891903273, 0.0009194159486887395, 0.0009046039886902864, 0.000888684407747757, 0.0008717008403259585, 0.0008536998372026805, 0.0008347307378762498, 0.0008148455353293939, 0.0007940987335200904, 0.0007725471979900062, 0.0007502500000000002, 0.0007272682546199037, 0.0007036649532163624, 0.0006795047907978776, 0.0006548539886902864, 0.0006297801130287093, 0.0006043518895634708, 0.0005786390152875954, 0.000552711967402193, 0.0005266418101433505, 0.0005005000000000002, 0.00047435818985664974, 0.00044828803259780724, 0.00042236098471240476, 0.00039664811043652927, 0.000371219886971291, 0.0003461460113097139, 0.00032149520920212257]}