{"train_loss": [0.15286540500351928, 0.1345463757388534, 0.12182604928949158, 0.11855798067819645, 0.11538028577866237, 0.1136753020673359, 0.11259456568242594, 0.11140268978245997, 0.10978085064780208, 0.10447828280823264, 0.10081377594816922, 0.09374361293340826, 0.08822925028536396, 0.0812864487233601, 0.07915287873532478, 0.07347535645687671, 0.06951544334224637, 0.0658456772283792, 0.06296283677618286, 0.06011698849243007, 0.056827423156475064, 0.05362301655347575, 0.05092662869204908, 0.04827431495709141, 0.04620212228512154, 0.04510628876787355, 0.04305479776151227, 0.04195189277374087, 0.04099634756450018, 0.04124229404229861, 0.0793817154113678], "val_loss": [0.12157880222158772, 0.15075328151163245, 0.1312487427411335, 0.12859002953129156, 0.1548108588238912, 0.13137333803544088, 0.13496346252837352, 0.12744978991603212, 0.12179378593074423, 0.12583712501717464, 0.13994866479021897, 0.1357911588524335, 0.14163959946017712, 0.15470830040119057, 0.14524081272871367, 0.14010423633070396, 0.1331712564985667, 0.15070659633991973, 0.15358920555029595, 0.15576757823250123, 0.15158226816648884, 0.1413727543300151, 0.1519414330915814, 0.13962424297018775, 0.13611611384632333, 0.14494575292337686, 0.14779765110662474, 0.14417393994517624, 0.1438655968522653, 0.14531291292847268, 0.15264007331071688], "lr": [0.0009972636867364526, 0.000989084726566536, 0.0009755527298894294, 0.0009568159560924792, 0.0009330796891903273, 0.0009046039886902864, 0.0008717008403259585, 0.0008347307378762498, 0.0007940987335200904, 0.0007502500000000002, 0.0007036649532163624, 0.0006548539886902864, 0.0006043518895634708, 0.000552711967402193, 0.0005005000000000002, 0.00044828803259780724, 0.00039664811043652927, 0.0003461460113097139, 0.0002973350467836379, 0.00025075000000000016, 0.00020690126647990973, 0.0001662692621237505, 0.00012929915967404169, 9.639601130971382e-05, 6.792031080967287e-05, 4.418404390752081e-05, 2.5447270110570814e-05, 1.191527343346406e-05, 3.736313263547436e-06, 0.001, 0.0009993154526099096]}