{"train_loss": [0.1992366194501798, 0.15798036610770427, 0.15401462977577685, 0.15113303095995265, 0.15131470851935028, 0.1488098894186625, 0.14846124227964477, 0.147960087853006, 0.14881265449794603, 0.1477134284015731, 0.14725750686482209, 0.14596527358272884, 0.14533698867504183, 0.14499617659239175, 0.14364176551194002, 0.1435386982348779, 0.14316102356583663, 0.1412207873656732, 0.1404174001440964, 0.1392226547233007, 0.13687180566395657, 0.13619701751971736, 0.13541772983940353, 0.13424476384000386, 0.1320657527147468, 0.1322065524945266, 0.13215849687404624, 0.13129290993838164, 0.13095921069411526, 0.13097269705423478, 0.14061648788607298, 0.138308407885305, 0.1376006416976452, 0.13713072964830902, 0.1378556430577004, 0.13644236755253894, 0.13491554005762166, 0.13657246960836292], "val_loss": [0.21605032070406846, 0.21970955912755535, 0.24695008949908828, 0.3176997369487903, 0.3491546468742724, 0.21514206219996726, 0.23210642809447432, 0.20569662350629056, 0.21005597936787776, 0.21302833601034113, 0.2168983992388738, 0.22360516273017442, 0.24352481508893625, 0.22898711701522448, 0.3719258200643318, 0.21241785120218992, 0.22517775614479824, 0.2716622198266642, 0.22762018161094083, 0.23212583752215973, 0.21851034825002508, 0.2245774402981624, 0.2308451212676508, 0.22143605092008198, 0.2174104610125401, 0.2225075619395024, 0.22074496406795724, 0.22228374129294284, 0.22210869548975357, 0.22250588614094471, 0.21360981585790537, 0.22258000578066067, 0.21822078281547874, 0.2125593373119565, 0.22256525339824812, 0.22573591522606357, 0.2162894790692787, 0.24622085011963332], "lr": [0.0009972636867364526, 0.000989084726566536, 0.0009755527298894294, 0.0009568159560924792, 0.0009330796891903273, 0.0009046039886902864, 0.0008717008403259585, 0.0008347307378762498, 0.0007940987335200904, 0.0007502500000000002, 0.0007036649532163624, 0.0006548539886902864, 0.0006043518895634708, 0.000552711967402193, 0.0005005000000000002, 0.00044828803259780724, 0.00039664811043652927, 0.0003461460113097139, 0.0002973350467836379, 0.00025075000000000016, 0.00020690126647990973, 0.0001662692621237505, 0.00012929915967404169, 9.639601130971382e-05, 6.792031080967287e-05, 4.418404390752081e-05, 2.5447270110570814e-05, 1.191527343346406e-05, 3.736313263547436e-06, 0.001, 0.0009993154526099096, 0.0009972636867364526, 0.0009938503261272714, 0.000989084726566536, 0.0009829799502313896, 0.0009755527298894294, 0.0009668234230353523, 0.0009568159560924792]}