{"train_loss": [0.15846024227720953, 0.13927260699864852, 0.1349863140792146, 0.130946129357311, 0.12318814040204955, 0.11969239469073054, 0.11705969620183267, 0.11488660123000952, 0.11485436473759464, 0.11300322146055804, 0.11180856997409704, 0.11190746382445745, 0.11038531485813735, 0.10995480386230318, 0.10843231443056035, 0.1080429009193306, 0.10718479083370658, 0.10584273160891845, 0.10403188865986475, 0.10253109196913072, 0.10146697280604554, 0.09857912168445727, 0.09809351942084472, 0.09462475533648834, 0.0930778109636074, 0.09121882099402731, 0.08985139782654995, 0.08984692352146714, 0.08957159030216298, 0.08881971375972054, 0.10893605138151452, 0.10652670218655351, 0.10692028806724961, 0.10403512469199633, 0.10248946693461986, 0.1018051333513217, 0.10040644297342764], "val_loss": [0.12073013785162143, 0.12453270188000586, 0.12105337942817382, 0.1297888434824667, 0.16963696969573253, 0.1389519587558295, 0.11130495520774275, 0.1202177118643054, 0.12841766761682397, 0.12444964432091053, 0.12550804650111655, 0.11728697353308755, 0.12174549565783568, 0.1312520788882726, 0.11985762099668916, 0.11624585440482146, 0.11911667672185493, 0.11873469109247838, 0.11910347816800433, 0.11628715459456933, 0.12131422654991704, 0.11647827662194946, 0.1159823907156741, 0.11780045349483512, 0.1197175864446243, 0.11856057386778827, 0.11589812635377582, 0.11674858654649663, 0.11677229151661907, 0.11704597668722272, 0.11469731187181813, 0.12010152672883123, 0.12575380231386848, 0.1203277644568256, 0.11516733257199771, 0.1303295328481389, 0.1443397904014481], "lr": [0.0009972636867364526, 0.000989084726566536, 0.0009755527298894294, 0.0009568159560924792, 0.0009330796891903273, 0.0009046039886902864, 0.0008717008403259585, 0.0008347307378762498, 0.0007940987335200904, 0.0007502500000000002, 0.0007036649532163624, 0.0006548539886902864, 0.0006043518895634708, 0.000552711967402193, 0.0005005000000000002, 0.00044828803259780724, 0.00039664811043652927, 0.0003461460113097139, 0.0002973350467836379, 0.00025075000000000016, 0.00020690126647990973, 0.0001662692621237505, 0.00012929915967404169, 9.639601130971382e-05, 6.792031080967287e-05, 4.418404390752081e-05, 2.5447270110570814e-05, 1.191527343346406e-05, 3.736313263547436e-06, 0.001, 0.0009993154526099096, 0.0009972636867364526, 0.0009938503261272714, 0.000989084726566536, 0.0009829799502313896, 0.0009755527298894294, 0.0009668234230353523]}