{"train_loss": [0.16243371568380044, 0.14123870402635977, 0.13677283742142538, 0.132811202772375, 0.1237809386835999, 0.11952054899987363, 0.11811804494330438, 0.11562356904688022, 0.11355517709675221, 0.112307359466561, 0.11163042732018759, 0.11019046716894704, 0.11078143550775599, 0.10810494514299498, 0.1092780305936966, 0.10669767306321698, 0.10301167395376395, 0.10149933030232619, 0.10101239265688322, 0.09938658209031691, 0.09798909786521741, 0.09615056520897611, 0.09497380675678177, 0.09293103281086007, 0.09180160029442225, 0.09154031346545093, 0.08900462486117944, 0.08921753395679707, 0.08842022618002396, 0.0873773334341227, 0.10512945208785081, 0.10317221328803244, 0.10274360692261186, 0.1019875562011168, 0.10281096713762658], "val_loss": [0.13503476498382433, 0.1338024715161217, 0.1341513832365828, 0.12760223983787, 0.11915910982393793, 0.15032934204542212, 0.15320881815361126, 0.14949538132142542, 0.13724074439544762, 0.12301062253702964, 0.12690206066638762, 0.13102223484643868, 0.13246731839275785, 0.12269735988229513, 0.1250557308417878, 0.12373337137978524, 0.12043926538899541, 0.12011406071750182, 0.1255532169847616, 0.1208038064734345, 0.12624023018205272, 0.1270270233674507, 0.1283374138958087, 0.1300586332300944, 0.13148520515200549, 0.13024896794065302, 0.13309115056680249, 0.1292371206550992, 0.13185329114951724, 0.1326894761794912, 0.13527237775269896, 0.13056978257372975, 0.12003559928520449, 0.11919094901531935, 0.1231532776063042], "lr": [0.0009972636867364526, 0.000989084726566536, 0.0009755527298894294, 0.0009568159560924792, 0.0009330796891903273, 0.0009046039886902864, 0.0008717008403259585, 0.0008347307378762498, 0.0007940987335200904, 0.0007502500000000002, 0.0007036649532163624, 0.0006548539886902864, 0.0006043518895634708, 0.000552711967402193, 0.0005005000000000002, 0.00044828803259780724, 0.00039664811043652927, 0.0003461460113097139, 0.0002973350467836379, 0.00025075000000000016, 0.00020690126647990973, 0.0001662692621237505, 0.00012929915967404169, 9.639601130971382e-05, 6.792031080967287e-05, 4.418404390752081e-05, 2.5447270110570814e-05, 1.191527343346406e-05, 3.736313263547436e-06, 0.001, 0.0009993154526099096, 0.0009972636867364526, 0.0009938503261272714, 0.000989084726566536, 0.0009829799502313896]}