{"train_loss": [0.4252471192567437, 0.18975466172452327, 0.17242520537089417, 0.16484442932738197, 0.16844424550180082, 0.16065151968763935, 0.16274336449525975, 0.16498241697748503, 0.15901182895457303, 0.15816909364528126, 0.15859176439267617, 0.15507555725397887, 0.14963832759746798, 0.1572337305104291, 0.15413286109213475, 0.15153725562548195, 0.15645465744590317, 0.15921280339912133, 0.1475887024016292, 0.1496429315733689, 0.14930545373095405, 0.1501643110618547, 0.14841079477358748, 0.1506563641682819, 0.14783802973451438, 0.1453615858874939, 0.1505707968716268, 0.14847643521648865, 0.15201021289383923, 0.14860703071786296, 0.15696404363822053, 0.15583338595374865, 0.14874035975447408, 0.15380977577081434, 0.15257996617367975, 0.15337307130297026, 0.15544057251126678, 0.15760712311775596, 0.14672141908495515, 0.1447286924554242, 0.14988808506340892, 0.1484462658840197, 0.14890146007140478, 0.1450691623268304, 0.14542096722181197, 0.14198373230519118, 0.1453901999802501, 0.14460776532413783, 0.14572078865711335, 0.1444338474560667, 0.1448803397792357, 0.14432992730979566, 0.14834230048237024, 0.14382740082564177, 0.14454810790441655, 0.1405785232782364, 0.14124051067564222, 0.14605420317362855, 0.13950197688407368, 0.14155591120598493, 0.14502514650424322, 0.13926758748237733, 0.14309493224653932, 0.1400748702387015, 0.1376730606511787, 0.1398521343039142, 0.13889172880185974, 0.1443836826969076, 0.14107334427535534, 0.14165995249317753, 0.1392194828087533], "val_loss": [0.17888883953647955, 0.15006415306457452, 0.1449685167255146, 0.1436857813304024, 0.16053679795004427, 0.17337669099548034, 0.145531973402415, 0.1419967913201877, 0.15464335114562086, 0.15056698037577526, 0.15469542907417885, 0.15482862079183438, 0.1500183152300971, 0.15717406730566705, 0.16200671777395265, 0.1549768004167293, 0.1664592276127743, 0.16151566723627703, 0.16659584994028723, 0.15352574943764402, 0.15179264871403575, 0.14159824047237635, 0.14662475390027144, 0.15659990633970924, 0.15248962880910508, 0.14845531759783626, 0.15323930469873762, 0.15061836559990688, 0.14946208851012802, 0.14973752494967943, 0.15099873513515508, 0.151278997904488, 0.17644580460286566, 0.1448039008703615, 0.1426921361791236, 0.13728282640555076, 0.1775699763758374, 0.1614586031064391, 0.14275390960808312, 0.15035338400463974, 0.13578317394214018, 0.2160312021151185, 0.15226165258458682, 0.14469517810669327, 0.15111257900883043, 0.14294766684594964, 0.1486960110154801, 0.1513623386355383, 0.15280154357398196, 0.14697034138121776, 0.16948696335644595, 0.1458134689684292, 0.1649916000065527, 0.15199662073116219, 0.14053469789879663, 0.16122574106390988, 0.16037074413283595, 0.15001980468098605, 0.1452908313284362, 0.1501516980850803, 0.16088045744358428, 0.14313173733119453, 0.14964002211179053, 0.14966177340829745, 0.15268423552957497, 0.15045780111436866, 0.14309938102295355, 0.1515477555637647, 0.1608518674703581, 0.14595424071220414, 0.14465858647599816], "lr": [0.0009972636867364526, 0.000989084726566536, 0.0009755527298894294, 0.0009568159560924792, 0.0009330796891903273, 0.0009046039886902864, 0.0008717008403259585, 0.0008347307378762498, 0.0007940987335200904, 0.0007502500000000002, 0.0007036649532163624, 0.0006548539886902864, 0.0006043518895634708, 0.000552711967402193, 0.0005005000000000002, 0.00044828803259780724, 0.00039664811043652927, 0.0003461460113097139, 0.0002973350467836379, 0.00025075000000000016, 0.00020690126647990973, 0.0001662692621237505, 0.00012929915967404169, 9.639601130971382e-05, 6.792031080967287e-05, 4.418404390752081e-05, 2.5447270110570814e-05, 1.191527343346406e-05, 3.736313263547436e-06, 0.001, 0.0009993154526099096, 0.0009972636867364526, 0.0009938503261272714, 0.000989084726566536, 0.0009829799502313896, 0.0009755527298894294, 0.0009668234230353523, 0.0009568159560924792, 0.0009455577588320898, 0.0009330796891903273, 0.0009194159486887395, 0.0009046039886902864, 0.000888684407747757, 0.0008717008403259585, 0.0008536998372026805, 0.0008347307378762498, 0.0008148455353293939, 0.0007940987335200904, 0.0007725471979900062, 0.0007502500000000002, 0.0007272682546199037, 0.0007036649532163624, 0.0006795047907978776, 0.0006548539886902864, 0.0006297801130287093, 0.0006043518895634708, 0.0005786390152875954, 0.000552711967402193, 0.0005266418101433505, 0.0005005000000000002, 0.00047435818985664974, 0.00044828803259780724, 0.00042236098471240476, 0.00039664811043652927, 0.000371219886971291, 0.0003461460113097139, 0.00032149520920212257, 0.0002973350467836379, 0.00027373174538009644, 0.00025075000000000016, 0.00022845280200999417]}