{"train_loss": [0.4475452524644357, 0.18864263014660942, 0.1786423117198326, 0.16963480054228394, 0.16904871793532814, 0.16009091799733816, 0.15827386529633292, 0.1703928486202602, 0.16148921274752528, 0.15703784619216565, 0.1535693902384352, 0.15286514501052875, 0.1540548829016862, 0.1528470338218742, 0.15073627730210623, 0.15585433940092722, 0.1547117456793785, 0.1528561177353064, 0.1496316689170069, 0.14855181867325748, 0.15019845714171728, 0.14941351998735358, 0.14700812239337852, 0.14728362168426867, 0.149003049151765, 0.14661891689455067, 0.14762850781833683, 0.14758345291570382, 0.14921707039078078, 0.14877416103802346, 0.1506320191892209, 0.15390898142423895, 0.15091070367230308, 0.1551134588403834, 0.15321628914939034, 0.15471608515966823, 0.15467013101334925, 0.15053095868616193, 0.14921307618971225, 0.15223582640842157, 0.15034108346811048, 0.15134400184507724, 0.15030237356269802, 0.14838047304915059, 0.14794363053860488, 0.1518282233564942, 0.14555236110808673, 0.1485365485013635, 0.14425044989696256, 0.14583286339486087, 0.1470293412329974, 0.14446747137440574, 0.14303286732346923, 0.14323727138064526, 0.14485330313996034, 0.14743870372573534, 0.14053825758121632, 0.14524612458491767, 0.1399771138611767, 0.14645149544985206, 0.13889696518028224, 0.14205227330051087, 0.14494750372789525, 0.1416780545755669, 0.142423278686625, 0.1429841081025424, 0.14008951628649677, 0.13703863481404605, 0.14140806478206758, 0.14398585894593485, 0.13623856725516142, 0.13942625773725686, 0.13969559319041394, 0.14171108879424907], "val_loss": [0.1582109715257372, 0.1803349423488336, 0.16423327502395427, 0.15909189212002925, 0.17765666910314135, 0.15675886554111326, 0.1865051812492311, 0.15225963384312177, 0.1559444363561592, 0.14672941455085362, 0.1671513177986656, 0.16834655926296754, 0.16178665815719537, 0.1815195002460054, 0.1463486846602921, 0.16378387193461613, 0.152024382725358, 0.1691399948072753, 0.1474078493192792, 0.17364481397505319, 0.1629238351015374, 0.16743355064785906, 0.16753048812305288, 0.16374077842504317, 0.16566290012061863, 0.16563962554625636, 0.16249198340145604, 0.16380028158891946, 0.16344732934209918, 0.16287637415475079, 0.15544388030788728, 0.17467410160627747, 0.1574612194672227, 0.14574115058141096, 0.17791961713893606, 0.17037489112200482, 0.15906231850385666, 0.17265204007604293, 0.16481580691678183, 0.15055180587140576, 0.13938138993190868, 0.16202371687229192, 0.1418340928253851, 0.13676425056265934, 0.16932140217561806, 0.14271729486063123, 0.144014934210905, 0.14849242923914321, 0.15505917243925588, 0.15225228299719415, 0.15554505555025702, 0.1543196919374168, 0.14880878305328743, 0.1771045114312853, 0.16336856960385507, 0.14870534777375205, 0.159792077993708, 0.1490345291261162, 0.15061736442813917, 0.16529514334563697, 0.1456796622036823, 0.14906583500227757, 0.1652578753086605, 0.16316481869268631, 0.15711203972542925, 0.16655870111260032, 0.1568982921474214, 0.14460806661684597, 0.1566647617478988, 0.15044604193618788, 0.16632421057771093, 0.1569944781783436, 0.15057898379330123, 0.15327848896517285], "lr": [0.0009972636867364526, 0.000989084726566536, 0.0009755527298894294, 0.0009568159560924792, 0.0009330796891903273, 0.0009046039886902864, 0.0008717008403259585, 0.0008347307378762498, 0.0007940987335200904, 0.0007502500000000002, 0.0007036649532163624, 0.0006548539886902864, 0.0006043518895634708, 0.000552711967402193, 0.0005005000000000002, 0.00044828803259780724, 0.00039664811043652927, 0.0003461460113097139, 0.0002973350467836379, 0.00025075000000000016, 0.00020690126647990973, 0.0001662692621237505, 0.00012929915967404169, 9.639601130971382e-05, 6.792031080967287e-05, 4.418404390752081e-05, 2.5447270110570814e-05, 1.191527343346406e-05, 3.736313263547436e-06, 0.001, 0.0009993154526099096, 0.0009972636867364526, 0.0009938503261272714, 0.000989084726566536, 0.0009829799502313896, 0.0009755527298894294, 0.0009668234230353523, 0.0009568159560924792, 0.0009455577588320898, 0.0009330796891903273, 0.0009194159486887395, 0.0009046039886902864, 0.000888684407747757, 0.0008717008403259585, 0.0008536998372026805, 0.0008347307378762498, 0.0008148455353293939, 0.0007940987335200904, 0.0007725471979900062, 0.0007502500000000002, 0.0007272682546199037, 0.0007036649532163624, 0.0006795047907978776, 0.0006548539886902864, 0.0006297801130287093, 0.0006043518895634708, 0.0005786390152875954, 0.000552711967402193, 0.0005266418101433505, 0.0005005000000000002, 0.00047435818985664974, 0.00044828803259780724, 0.00042236098471240476, 0.00039664811043652927, 0.000371219886971291, 0.0003461460113097139, 0.00032149520920212257, 0.0002973350467836379, 0.00027373174538009644, 0.00025075000000000016, 0.00022845280200999417, 0.00020690126647990973, 0.0001861544646706063, 0.0001662692621237505]}