{"train_loss": [0.17444694900975916, 0.14903152274309697, 0.1418720709459947, 0.13971914638057073, 0.13827315307211843, 0.13605502225137717, 0.1342759004825454, 0.13184094643185423, 0.13063064219660303, 0.12927848505456183, 0.12623668979148794, 0.12568746760927058, 0.12011005049431871, 0.1175271623509793, 0.11645303112507034, 0.11517926772588982, 0.11436942817768857, 0.11304388242365604, 0.11375554219892856, 0.11256494800549711, 0.11189029699589094, 0.1117011654253505, 0.11115125533060802, 0.11099227340473386, 0.11078597497097338, 0.1101041036092917, 0.10965139823285548, 0.1094823296056286, 0.10955089265096947, 0.10955588028623203, 0.1209975969245176, 0.11543525539840875, 0.11405790041720544, 0.11350708206494649, 0.1138003421493907, 0.11224017248485474], "val_loss": [0.13172211285148347, 0.13258150801993906, 0.12866675920252288, 0.12052147037216596, 0.12495613324322871, 0.1182013453383531, 0.11916572843412203, 0.1182464508871947, 0.12355037146647062, 0.15204369303371226, 0.15098283805751375, 0.14725156810267695, 0.13895754652496958, 0.15596567952473248, 0.14666673373098352, 0.16757851740944066, 0.14456152561719396, 0.17415482030316656, 0.1561999964594309, 0.15070780990312674, 0.15870733148351843, 0.16971719397198676, 0.13656550617555954, 0.15693290434345336, 0.14425737026613206, 0.14981703185808978, 0.14952147102615396, 0.14902116872170673, 0.1499898596417292, 0.1509765387745574, 0.16805113781343348, 0.14076677939322377, 0.14603330767048256, 0.15279239319664026, 0.12684358836018614, 0.12321163421230656], "lr": [0.0009972636867364526, 0.000989084726566536, 0.0009755527298894294, 0.0009568159560924792, 0.0009330796891903273, 0.0009046039886902864, 0.0008717008403259585, 0.0008347307378762498, 0.0007940987335200904, 0.0007502500000000002, 0.0007036649532163624, 0.0006548539886902864, 0.0006043518895634708, 0.000552711967402193, 0.0005005000000000002, 0.00044828803259780724, 0.00039664811043652927, 0.0003461460113097139, 0.0002973350467836379, 0.00025075000000000016, 0.00020690126647990973, 0.0001662692621237505, 0.00012929915967404169, 9.639601130971382e-05, 6.792031080967287e-05, 4.418404390752081e-05, 2.5447270110570814e-05, 1.191527343346406e-05, 3.736313263547436e-06, 0.001, 0.0009993154526099096, 0.0009972636867364526, 0.0009938503261272714, 0.000989084726566536, 0.0009829799502313896, 0.0009755527298894294]}