{"train_loss": [0.21713488478534454, 0.1974018399397867, 0.1942705237254333, 0.19114707627295333, 0.18856346727198875, 0.19053157785914365, 0.18542916204933815, 0.17499188101093532, 0.15854638708190302, 0.1537399153793684, 0.15342250418559777, 0.15174140321432653, 0.1520971605233318, 0.15101062547596877, 0.15099304764486207, 0.1502876535462641, 0.14933909690321495, 0.1483301981683639, 0.14890122769072597, 0.14718219459977713, 0.14788338393740327, 0.14660906173595775, 0.1462184012752403, 0.14691742347406872, 0.14658437725086784, 0.14598154928186413, 0.14583756915931956, 0.1456099405051087, 0.14506252663217012, 0.14568588282382777, 0.15673630721936846, 0.15373237000617865, 0.1517793180923281, 0.15502630405072193, 0.15249468652315243, 0.15346712369667123, 0.15169763898874603, 0.15112278672556081, 0.1517920678809341, 0.15334492550695433, 0.1512453222563595, 0.14900409206678247, 0.15048978922797945, 0.14866022243119134, 0.14978912194374572, 0.14930450012174884, 0.1492193833146984, 0.14809274369997255, 0.15018404459699375, 0.15011203160844325, 0.1486407741450806, 0.14987658164446496, 0.147882731694184, 0.1482254931675305, 0.14651822717337126, 0.14704429684904463, 0.1470787865545754, 0.1476285643457027, 0.1468876399525375, 0.14804440740956348, 0.14653840526059436, 0.14587963610706145, 0.14671563056091802, 0.146057059936058, 0.14574780903603143, 0.14604353630559497, 0.1454805846671375, 0.14561010938493557, 0.14612718704522829, 0.14525462343088918, 0.14505045721132992, 0.1448487617452158, 0.1449701683473693, 0.14521235080038228, 0.14459265980604435, 0.14489818645173802, 0.14426545987484718, 0.14521120421672135, 0.14450242117131024], "val_loss": [0.27566506726933376, 0.2921864567324519, 0.27207145943040295, 0.249395514040121, 0.33408848884781556, 0.26011325139552355, 0.2121612218075565, 0.22730276081711054, 0.23548654605734295, 0.23113788541273347, 0.22108690046505736, 0.21613889866109406, 0.2124609151589019, 0.23873663969737077, 0.21985963951530202, 0.22367397948567355, 0.22057133887262484, 0.22257709049154073, 0.22828877830345715, 0.22564950367502337, 0.21896302091356898, 0.21894232659334584, 0.21015072933265141, 0.2271477516707299, 0.21516236897358404, 0.21925534040201455, 0.21701689044545805, 0.21555737003550998, 0.2179527142018612, 0.21806509772847807, 0.2178818510812042, 0.22677819151431322, 0.21854902657547168, 0.22890768985130958, 0.2259444012971861, 0.22180104096020972, 0.23972276571605886, 0.223279444983096, 0.2154344700809036, 0.21507760217147215, 0.22089954247764712, 0.21733842264594777, 0.21774285173575794, 0.2291677724071113, 0.22549596869586302, 0.22273528677344853, 0.20941554422357253, 0.22017878131009638, 0.20840871912826384, 0.222161955250028, 0.21525892934628896, 0.21510195060233986, 0.23560415278188884, 0.22301001941585646, 0.2250058938932073, 0.2382291448302567, 0.2363387011989419, 0.22140448267704674, 0.22355031804181635, 0.23094015593440936, 0.22202296349652378, 0.22380724851973355, 0.22038690720884396, 0.21911162031548365, 0.22286498235605126, 0.21728380227328412, 0.21370385983027518, 0.2326362893051867, 0.2223817329088758, 0.22268510603212885, 0.21301125159620174, 0.2218769596823092, 0.2242638647689351, 0.22018198560856814, 0.2175604979108487, 0.22062913664350553, 0.21412657299411617, 0.22070703929888882, 0.22397262070860183], "lr": [0.0009972636867364526, 0.000989084726566536, 0.0009755527298894294, 0.0009568159560924792, 0.0009330796891903273, 0.0009046039886902864, 0.0008717008403259585, 0.0008347307378762498, 0.0007940987335200904, 0.0007502500000000002, 0.0007036649532163624, 0.0006548539886902864, 0.0006043518895634708, 0.000552711967402193, 0.0005005000000000002, 0.00044828803259780724, 0.00039664811043652927, 0.0003461460113097139, 0.0002973350467836379, 0.00025075000000000016, 0.00020690126647990973, 0.0001662692621237505, 0.00012929915967404169, 9.639601130971382e-05, 6.792031080967287e-05, 4.418404390752081e-05, 2.5447270110570814e-05, 1.191527343346406e-05, 3.736313263547436e-06, 0.001, 0.0009993154526099096, 0.0009972636867364526, 0.0009938503261272714, 0.000989084726566536, 0.0009829799502313896, 0.0009755527298894294, 0.0009668234230353523, 0.0009568159560924792, 0.0009455577588320898, 0.0009330796891903273, 0.0009194159486887395, 0.0009046039886902864, 0.000888684407747757, 0.0008717008403259585, 0.0008536998372026805, 0.0008347307378762498, 0.0008148455353293939, 0.0007940987335200904, 0.0007725471979900062, 0.0007502500000000002, 0.0007272682546199037, 0.0007036649532163624, 0.0006795047907978776, 0.0006548539886902864, 0.0006297801130287093, 0.0006043518895634708, 0.0005786390152875954, 0.000552711967402193, 0.0005266418101433505, 0.0005005000000000002, 0.00047435818985664974, 0.00044828803259780724, 0.00042236098471240476, 0.00039664811043652927, 0.000371219886971291, 0.0003461460113097139, 0.00032149520920212257, 0.0002973350467836379, 0.00027373174538009644, 0.00025075000000000016, 0.00022845280200999417, 0.00020690126647990973, 0.0001861544646706063, 0.0001662692621237505, 0.00014730016279731955, 0.00012929915967404169, 0.00011231559225224304, 9.639601130971382e-05, 8.158405131126075e-05]}