{"train_loss": [0.1802324415794975, 0.1533718943030814, 0.1480482741527622, 0.14233915188457916, 0.13978697239571297, 0.13897006007169516, 0.13576192634828974, 0.13383577085947723, 0.13330511887965912, 0.1307865500376884, 0.1278456478669179, 0.12503233010626016, 0.12174575060278121, 0.12055644211934859, 0.11774697245450949, 0.11744868053360545, 0.11495573755549023, 0.11463505126821917, 0.11376631992419114, 0.11388079835492629, 0.11284197002739998, 0.1124661785989916, 0.11245651208282856, 0.11142579241296492, 0.1115116041069955, 0.11130484679106915, 0.11086729639262129, 0.11019404693279931, 0.11042440743342544, 0.11019360008980897, 0.11930089972892337, 0.11794036168130707, 0.11589791779388928, 0.11618965183130085, 0.11351683743695697, 0.11918139267601212, 0.11367333414074912, 0.11442667843027508, 0.11306670449555534], "val_loss": [0.16507274575997144, 0.15504099375435285, 0.13386390674194054, 0.128842177534742, 0.11750039065788899, 0.12087761002060558, 0.118318477811824, 0.12354773860092141, 0.11431569725807224, 0.12535038686058084, 0.13160457569340775, 0.12927427688347443, 0.1640667587718261, 0.14588354431491876, 0.12505162520600216, 0.13161686418711074, 0.15389773043404734, 0.1213341348006257, 0.11748308317536223, 0.12914185329074307, 0.1308513908713524, 0.12656385049922392, 0.13123821109599834, 0.12963499466422945, 0.1357301268393972, 0.1367176323547028, 0.13323670673084312, 0.13522366390264193, 0.13521992314573644, 0.13486035593086854, 0.12718036767494464, 0.15631127655173518, 0.12597788037133537, 0.12285161158069968, 0.12597792871695543, 0.13276338759377332, 0.12663494289985724, 0.15907462995632418, 0.12411879086201745], "lr": [0.0009972636867364526, 0.000989084726566536, 0.0009755527298894294, 0.0009568159560924792, 0.0009330796891903273, 0.0009046039886902864, 0.0008717008403259585, 0.0008347307378762498, 0.0007940987335200904, 0.0007502500000000002, 0.0007036649532163624, 0.0006548539886902864, 0.0006043518895634708, 0.000552711967402193, 0.0005005000000000002, 0.00044828803259780724, 0.00039664811043652927, 0.0003461460113097139, 0.0002973350467836379, 0.00025075000000000016, 0.00020690126647990973, 0.0001662692621237505, 0.00012929915967404169, 9.639601130971382e-05, 6.792031080967287e-05, 4.418404390752081e-05, 2.5447270110570814e-05, 1.191527343346406e-05, 3.736313263547436e-06, 0.001, 0.0009993154526099096, 0.0009972636867364526, 0.0009938503261272714, 0.000989084726566536, 0.0009829799502313896, 0.0009755527298894294, 0.0009668234230353523, 0.0009568159560924792, 0.0009455577588320898]}