{"train_loss": [0.17421522213361118, 0.1544334247549144, 0.15207396749954397, 0.14984300104563295, 0.14793724548965245, 0.14678410760432795, 0.14281947686472374, 0.14088184688927263, 0.13949623799741803, 0.138611555029673, 0.13797977181763083, 0.13672438000134754, 0.13492576138715426, 0.13294806907922477, 0.13243251192666913, 0.1309111439322737, 0.12918123312718954, 0.1280461370105809, 0.12619369155608642, 0.1277856350104245, 0.12536642014717814, 0.12486600856515935, 0.12460805746032738, 0.12361719730314331, 0.12347320115020585, 0.12257560907347852, 0.122283145063452, 0.1219104226019563, 0.12172760670401457, 0.12184544702268567, 0.1335268691056471, 0.13020463834196955, 0.1291307989602861, 0.12905882580647024], "val_loss": [0.22560250479727983, 0.23096181957849435, 0.22536441121649528, 0.2019722820924861, 0.2185496548190713, 0.3409895641795759, 0.22502227643105602, 0.21326669752930424, 0.23326944360243423, 0.2156564444636128, 0.2146361618069932, 0.22672358993440866, 0.2189293575938791, 0.27555131393351723, 0.22862145537510514, 0.28883317166141104, 0.23769549313666566, 0.2168792204465717, 0.2176052100756871, 0.2226236801860588, 0.24112856138630637, 0.23563156253658235, 0.2379132081322106, 0.2663855123599725, 0.2451709019618907, 0.2498176535591483, 0.24985799346385257, 0.252872527227737, 0.2440405655485977, 0.24606333998963237, 0.2657663892688496, 0.20701584768747644, 0.30717933969572186, 0.25860868028498124], "lr": [0.0009972636867364526, 0.000989084726566536, 0.0009755527298894294, 0.0009568159560924792, 0.0009330796891903273, 0.0009046039886902864, 0.0008717008403259585, 0.0008347307378762498, 0.0007940987335200904, 0.0007502500000000002, 0.0007036649532163624, 0.0006548539886902864, 0.0006043518895634708, 0.000552711967402193, 0.0005005000000000002, 0.00044828803259780724, 0.00039664811043652927, 0.0003461460113097139, 0.0002973350467836379, 0.00025075000000000016, 0.00020690126647990973, 0.0001662692621237505, 0.00012929915967404169, 9.639601130971382e-05, 6.792031080967287e-05, 4.418404390752081e-05, 2.5447270110570814e-05, 1.191527343346406e-05, 3.736313263547436e-06, 0.001, 0.0009993154526099096, 0.0009972636867364526, 0.0009938503261272714, 0.000989084726566536]}