{"train_loss": [0.5251664751105838, 0.24599354548586738, 0.2156402305872352, 0.21521728844554336, 0.20320784328160463, 0.207936592400074, 0.20390974123168876, 0.1974454144084895, 0.19528824587663016, 0.19419989790077563, 0.1953528035018179, 0.19437453523278236, 0.1955552335690569, 0.19246710229803016, 0.197739128989202, 0.19343801339467367, 0.1914953243125368, 0.19484777003526688, 0.19143283836267613, 0.19138305040973205, 0.1914010817805926, 0.19098250761076255, 0.18783816115723717, 0.19084572736863736, 0.18796474900510576, 0.18749825132113915, 0.19154543374423627, 0.18778741263129092, 0.1911692831803251, 0.18924717315369183, 0.19244389870652445, 0.1956766109775614, 0.1977788852872672], "val_loss": [0.3480430937239102, 0.327172405069827, 0.19671437902642147, 0.23514481913298368, 0.21711022080853581, 0.2537559903991808, 0.24590592166142805, 0.3085433456581086, 0.2704448545950332, 0.24829316870974644, 0.27794717132513014, 0.27382042207422536, 0.25799232169187497, 0.2488480052312038, 0.2712828683932977, 0.26554175100422334, 0.2791721255052835, 0.28462163598409723, 0.2577580774335989, 0.2728208011415388, 0.26617491371663554, 0.25963617282520446, 0.2593150079316859, 0.26184947529275504, 0.2635758537466505, 0.26515112085533993, 0.26184285540200236, 0.26085203260715517, 0.26163241636407164, 0.2611668546783871, 0.2561782146138804, 0.31053596231088576, 0.27447314134665896], "lr": [0.0009972636867364526, 0.000989084726566536, 0.0009755527298894294, 0.0009568159560924792, 0.0009330796891903273, 0.0009046039886902864, 0.0008717008403259585, 0.0008347307378762498, 0.0007940987335200904, 0.0007502500000000002, 0.0007036649532163624, 0.0006548539886902864, 0.0006043518895634708, 0.000552711967402193, 0.0005005000000000002, 0.00044828803259780724, 0.00039664811043652927, 0.0003461460113097139, 0.0002973350467836379, 0.00025075000000000016, 0.00020690126647990973, 0.0001662692621237505, 0.00012929915967404169, 9.639601130971382e-05, 6.792031080967287e-05, 4.418404390752081e-05, 2.5447270110570814e-05, 1.191527343346406e-05, 3.736313263547436e-06, 0.001, 0.0009993154526099096, 0.0009972636867364526, 0.0009938503261272714]}