{
  "mean_error_pct": 0.0022224933027588816,
  "std_error_pct": 0.005702610396689829,
  "p95": 0.006160436848257367,
  "p99": 0.04742222340584596,
  "suggested_threshold": 0.07113333510876894,
  "recipe_errors": {
    "DC1000_RF0": {
      "mean": 0.0007301877068417905,
      "p99": 0.002267880101673481
    },
    "DC1000_RF300": {
      "mean": 0.0019223871698010268,
      "p99": 0.049841081879086306
    },
    "DC1000_RF400": {
      "mean": 0.0021107732732546843,
      "p99": 0.03395423056806463
    },
    "DC1000_RF500": {
      "mean": 0.0024195871426856107,
      "p99": 0.0501278758443606
    },
    "DC2000_RF0": {
      "mean": 0.0009210482967110848,
      "p99": 0.0026379640972938835
    },
    "DC2000_RF300": {
      "mean": 0.003427886466326931,
      "p99": 0.016056313679962315
    },
    "DC2000_RF400": {
      "mean": 0.003481033466567545,
      "p99": 0.04761110168569727
    },
    "DC2000_RF500": {
      "mean": 0.0015555583874818548,
      "p99": 0.04753072941297703
    },
    "DC3000_RF0": {
      "mean": 0.0011356560333601294,
      "p99": 0.002735427003571281
    },
    "DC3000_RF300": {
      "mean": 0.003468275192122387,
      "p99": 0.013673536462121291
    },
    "DC3000_RF400": {
      "mean": 0.0029224455900426767,
      "p99": 0.02522234228962409
    },
    "DC3000_RF500": {
      "mean": 0.0032998637759991518,
      "p99": 0.049313157557133315
    },
    "DC0_RF300": {
      "mean": 0.0012656519789354759,
      "p99": 0.017835244759481922
    },
    "DC0_RF400": {
      "mean": 0.002303866024556843,
      "p99": 0.009155363211989188
    },
    "DC0_RF500": {
      "mean": 0.002150999249344959,
      "p99": 0.049406739720747044
    }
  }
}