{"train_loss": [0.20751844425832314, 0.19277881185288193, 0.1875858281318774, 0.1600584411320613, 0.15415337700061668, 0.15108073357425664, 0.15170326798727019, 0.15098563892518294, 0.15046160330233546, 0.14951983834386454, 0.14867097782906608, 0.1486162726517426, 0.1478703816894671, 0.14685917749227412, 0.14751517873556202, 0.14648879729588327, 0.1461523223404439, 0.14598150345157535, 0.14628899420962027, 0.1456338039716647, 0.14530411917811212, 0.14529712864014876, 0.1443070663778723, 0.14499276576387785, 0.14403233171134874, 0.1442558376852987, 0.14402585784448074, 0.1438294874784862, 0.14372684424910612, 0.14397369660199738, 0.15001957937642216, 0.14829677781662617, 0.14815581082457166, 0.148360854604685, 0.14825184841610972, 0.14856512928200044, 0.14836944377460312, 0.14756092739695015, 0.1484057759374626, 0.14723555963748935, 0.14720788766103593, 0.1482494162001844, 0.14820141839408044, 0.14766504700299815, 0.14676973650251504, 0.14693981107824233, 0.14671650611637704, 0.14687523748544135, 0.1466984941311337, 0.14677629045265234, 0.1464455894584107, 0.14604849601234274, 0.14604266488371692, 0.14584302507421892, 0.14601099002489198, 0.14505378105726535, 0.14574610148633327, 0.1458865053856793, 0.14560251262994006, 0.1448293227843404, 0.14479784009771524, 0.14493050676668578, 0.14483134582850976, 0.1446762803168423, 0.14512670541536818, 0.14478339423108538, 0.14456479648348766, 0.1444347442624842, 0.14393749194445907], "val_loss": [0.2775995702748852, 0.2909230901693393, 0.2233203597632902, 0.22990217645253455, 0.21931435334097063, 0.22112123196711764, 0.20865542581304908, 0.21214904373378626, 0.20686996917772507, 0.22740630645837104, 0.2199753434064665, 0.21738752124032804, 0.22895737965258636, 0.21955148336876715, 0.218585642054677, 0.21767127578745463, 0.22229272569529712, 0.2179572029438402, 0.20653464355772094, 0.2259983123845554, 0.2216921739745885, 0.21099093669493282, 0.21501553863553063, 0.21641899229559516, 0.21865585542816138, 0.2157478329359687, 0.21704105936389947, 0.21620548469945788, 0.21419827709905803, 0.21505183319095522, 0.21031159353775106, 0.21563824186367647, 0.20409989589825273, 0.21381463058891573, 0.20959735229345305, 0.21674331500461058, 0.21033430119444216, 0.21170590199264033, 0.2025833540995206, 0.2167875464406929, 0.20532930552560305, 0.2100189064762422, 0.21875323272044106, 0.21379760107291595, 0.2177714656073866, 0.2223202066130138, 0.21545615286699363, 0.2101685926650784, 0.22374986484646797, 0.21870748126613243, 0.22762933875700192, 0.2145922610236864, 0.21073995464082276, 0.22085632250777312, 0.2157185816072992, 0.21649658985968148, 0.2095998107854809, 0.2264696333856721, 0.21158980511661088, 0.21879069098005338, 0.21641338909310953, 0.2187718386495752, 0.2077358105951654, 0.22943845525982656, 0.21162602052624738, 0.21320412826857396, 0.20549985036320453, 0.20834011624434165, 0.21209222045061843], "lr": [0.0009972636867364526, 0.000989084726566536, 0.0009755527298894294, 0.0009568159560924792, 0.0009330796891903273, 0.0009046039886902864, 0.0008717008403259585, 0.0008347307378762498, 0.0007940987335200904, 0.0007502500000000002, 0.0007036649532163624, 0.0006548539886902864, 0.0006043518895634708, 0.000552711967402193, 0.0005005000000000002, 0.00044828803259780724, 0.00039664811043652927, 0.0003461460113097139, 0.0002973350467836379, 0.00025075000000000016, 0.00020690126647990973, 0.0001662692621237505, 0.00012929915967404169, 9.639601130971382e-05, 6.792031080967287e-05, 4.418404390752081e-05, 2.5447270110570814e-05, 1.191527343346406e-05, 3.736313263547436e-06, 0.001, 0.0009993154526099096, 0.0009972636867364526, 0.0009938503261272714, 0.000989084726566536, 0.0009829799502313896, 0.0009755527298894294, 0.0009668234230353523, 0.0009568159560924792, 0.0009455577588320898, 0.0009330796891903273, 0.0009194159486887395, 0.0009046039886902864, 0.000888684407747757, 0.0008717008403259585, 0.0008536998372026805, 0.0008347307378762498, 0.0008148455353293939, 0.0007940987335200904, 0.0007725471979900062, 0.0007502500000000002, 0.0007272682546199037, 0.0007036649532163624, 0.0006795047907978776, 0.0006548539886902864, 0.0006297801130287093, 0.0006043518895634708, 0.0005786390152875954, 0.000552711967402193, 0.0005266418101433505, 0.0005005000000000002, 0.00047435818985664974, 0.00044828803259780724, 0.00042236098471240476, 0.00039664811043652927, 0.000371219886971291, 0.0003461460113097139, 0.00032149520920212257, 0.0002973350467836379, 0.00027373174538009644]}