{"train_loss": [0.15193066412807796, 0.13481036359842202, 0.12314381200933307, 0.11745276608967922, 0.1155059917112938, 0.11342501918110869, 0.11168542247428943, 0.10939393517305737, 0.10797964550786536, 0.10543983881752743, 0.10019735862135139, 0.09529057292706114, 0.09105701964122356, 0.08689298444480609, 0.0838978145576279, 0.08052156125390804, 0.07623155622406565, 0.07317624624237011, 0.06960501841365777, 0.06655068881286104, 0.0636696448304231, 0.0605959935081324, 0.056866330312630595, 0.05452732587857326, 0.05239568713904433, 0.05158027375257969, 0.05017056006510956, 0.04886927751082832, 0.04796743131577103, 0.04825245353865899, 0.08048097643096452, 0.07627219932762602, 0.07102109117795066, 0.06847864919589243, 0.06637765644023941, 0.06314124364854078, 0.06040029050789304, 0.05886481027415572, 0.05606915596177916, 0.05459869173100578, 0.052994686214817406, 0.05130976453130978, 0.04974351250224452, 0.04854998534431505, 0.04819130921049387, 0.046091415828255856, 0.0449474393360448, 0.044436000823182914], "val_loss": [0.1261555829052148, 0.11078166245715693, 0.12736350031835691, 0.11564237310085446, 0.12295121212290334, 0.13503683085686394, 0.12498492687674505, 0.13117108563892543, 0.1297112108690531, 0.12025663173491401, 0.11918472465393799, 0.12554426221010676, 0.1206654112486701, 0.12044859132064241, 0.11804957538177925, 0.11263354282294001, 0.12112143906831209, 0.10842488908175645, 0.11718826511475657, 0.12107793015560933, 0.1332240375091455, 0.11945020828196513, 0.11548257898539305, 0.13116508258307086, 0.1317605608658466, 0.1305936686694622, 0.12312478051587407, 0.12486031810320648, 0.1273593654623255, 0.12626430089585483, 0.13662611383811704, 0.1233784660164799, 0.13168202739741122, 0.15368323262581335, 0.13180274617791707, 0.13585819066169538, 0.13629231618584267, 0.13857495951898663, 0.12637541095526622, 0.1598077615989106, 0.17913240134449943, 0.17101816833019257, 0.13567995926963963, 0.1550708650611341, 0.14045071744892215, 0.16130014449091895, 0.15231402596691623, 0.13796657268124232], "lr": [0.0009972636867364526, 0.000989084726566536, 0.0009755527298894294, 0.0009568159560924792, 0.0009330796891903273, 0.0009046039886902864, 0.0008717008403259585, 0.0008347307378762498, 0.0007940987335200904, 0.0007502500000000002, 0.0007036649532163624, 0.0006548539886902864, 0.0006043518895634708, 0.000552711967402193, 0.0005005000000000002, 0.00044828803259780724, 0.00039664811043652927, 0.0003461460113097139, 0.0002973350467836379, 0.00025075000000000016, 0.00020690126647990973, 0.0001662692621237505, 0.00012929915967404169, 9.639601130971382e-05, 6.792031080967287e-05, 4.418404390752081e-05, 2.5447270110570814e-05, 1.191527343346406e-05, 3.736313263547436e-06, 0.001, 0.0009993154526099096, 0.0009972636867364526, 0.0009938503261272714, 0.000989084726566536, 0.0009829799502313896, 0.0009755527298894294, 0.0009668234230353523, 0.0009568159560924792, 0.0009455577588320898, 0.0009330796891903273, 0.0009194159486887395, 0.0009046039886902864, 0.000888684407747757, 0.0008717008403259585, 0.0008536998372026805, 0.0008347307378762498, 0.0008148455353293939, 0.0007940987335200904]}