{"train_loss": [0.07195827193547946, 0.04375009650915224, 0.03734986857349999, 0.03481032334776437, 0.032268676258556846, 0.030509308064619604, 0.02926759542813903, 0.028149176210545, 0.026629676222724188, 0.0266971010381008, 0.02463010733794398, 0.023830752102189604, 0.02295362539615079, 0.022072531098049315, 0.02116192617664803, 0.020034723701103135, 0.019122912573835443, 0.01831591816209539, 0.017627670126052496, 0.0165576025276226, 0.015952819956403654, 0.015353082800521512, 0.015168642646072754, 0.014740791660877937, 0.014216129920945383, 0.013991116412268948, 0.013698438039982754, 0.013552258853421262, 0.013478578094310857, 0.013502056658432288, 0.02080187359972402, 0.018346847810023183, 0.018043270548337046, 0.017397167413674558, 0.016931528300637422, 0.01718956440928515, 0.016501237473018637], "val_loss": [0.183902478714784, 0.20081148877119023, 0.20427474044263363, 0.28066820482102534, 0.1860865242779255, 0.1972308140558501, 0.12239274278593561, 0.24444285057640325, 0.18959498054658372, 0.21487964717671276, 0.19327975989629825, 0.2559729564934969, 0.2099065516764919, 0.23864132597421606, 0.17042409079149365, 0.17479098431455592, 0.21639777962118387, 0.21778977874976893, 0.19281391628707448, 0.1548070627109458, 0.2427813495742157, 0.23775763226052124, 0.18818396244508526, 0.2021337177604437, 0.204541440308094, 0.19119617105461656, 0.1912241290944318, 0.187564431099842, 0.19546072697266936, 0.20714975899706284, 0.20236765899850676, 0.23362348113829892, 0.17693630332748095, 0.3007155465660617, 0.18995791886312266, 0.21143535555650791, 0.30214872960932554], "lr": [0.0009972636867364526, 0.000989084726566536, 0.0009755527298894294, 0.0009568159560924792, 0.0009330796891903273, 0.0009046039886902864, 0.0008717008403259585, 0.0008347307378762498, 0.0007940987335200904, 0.0007502500000000002, 0.0007036649532163624, 0.0006548539886902864, 0.0006043518895634708, 0.000552711967402193, 0.0005005000000000002, 0.00044828803259780724, 0.00039664811043652927, 0.0003461460113097139, 0.0002973350467836379, 0.00025075000000000016, 0.00020690126647990973, 0.0001662692621237505, 0.00012929915967404169, 9.639601130971382e-05, 6.792031080967287e-05, 4.418404390752081e-05, 2.5447270110570814e-05, 1.191527343346406e-05, 3.736313263547436e-06, 0.001, 0.0009993154526099096, 0.0009972636867364526, 0.0009938503261272714, 0.000989084726566536, 0.0009829799502313896, 0.0009755527298894294, 0.0009668234230353523]}