{"train_loss": [0.2625153648356597, 0.15638112549980482, 0.2634200990200043, 0.11600054800510406, 0.11923911770184835, 0.20522484083970388, 0.10428831577301026, 0.10298280405501524, 0.08741299472749234, 0.18559170365333558, 0.16035272205869358, 0.08683980144560337, 0.08773688860237598, 0.17216690133015314, 0.07199163660407067, 0.1900651361172398, 0.05604698359966278, 0.06118846827497085, 0.07123363024244705, 0.06179432030767203, 0.06142074515422185, 0.062167901235322155, 0.05727335487802823, 0.060660482632617155, 0.09465181001772484, 0.05838528238236904, 0.05766554151972135, 0.05091935563832521, 0.0543150644749403, 0.057736701952914395, 0.06959054451435805, 0.0983431477099657, 0.07893258401503166, 0.0742561787366867, 0.0638266984373331, 0.08827496754626434, 0.14058228122691313, 0.09394438515106837, 0.165896622898678, 0.1192126135652264, 0.0802681140601635, 0.049835384078323844, 0.07133906837552786, 0.06854996302475531, 0.12729917783290148, 0.11600330552707115, 0.06888811339934667, 0.06745747464398542, 0.1426120549440384, 0.07481629513204098, 0.06024035873512427, 0.1236468343064189, 0.12346771166970333, 0.07693749361981948, 0.0477627458050847, 0.04399628633012374, 0.06562468446791173, 0.06326723732054233, 0.11254365798085927, 0.0974446481714646, 0.06847146010647218], "val_loss": [0.22473497514923413, 0.1730689212679863, 0.3680243875210484, 0.20624327858289082, 0.5012295619895061, 0.5927398100340118, 0.7225377395749092, 0.13248650617897512, 0.16476636665562788, 0.6441973688701789, 0.7323936545600493, 0.136960153033336, 0.13863966166973113, 0.512482377452155, 0.18007472110912204, 0.14224218726158142, 0.4773324505270769, 0.5363335170472662, 0.12208334918444355, 0.453212082448105, 0.1213356570340693, 0.1373489814810455, 0.13395782361427944, 0.11499510685292383, 0.1217878612379233, 0.12052856165294847, 0.12601691715729732, 0.12349308483923475, 0.4117831984224419, 0.1563554799184203, 0.0769310246532162, 0.10509375470379988, 0.14352862238883973, 0.15010604886338114, 0.19867300279438496, 0.16424791871880492, 0.46295387806991734, 0.1266522933418552, 0.14756700890138746, 0.4250460454573234, 0.14672059087703626, 0.16180471517145634, 0.12468128949403763, 0.22051019192052385, 0.5148600513115525, 0.25075950572888056, 0.333814253564924, 0.11202250390003125, 0.5322817932193478, 0.19914866344382365, 0.12161931383113066, 0.41930069743345183, 0.5663418746863802, 0.19203557052339118, 0.14139747399215896, 0.5566107273101807, 0.1098097431473434, 0.16210343142350514, 0.31881378320977094, 0.35323798613001905, 0.14013772998005153], "lr": [0.0009972636867364526, 0.000989084726566536, 0.0009755527298894294, 0.0009568159560924792, 0.0009330796891903273, 0.0009046039886902864, 0.0008717008403259585, 0.0008347307378762498, 0.0007940987335200904, 0.0007502500000000002, 0.0007036649532163624, 0.0006548539886902864, 0.0006043518895634708, 0.000552711967402193, 0.0005005000000000002, 0.00044828803259780724, 0.00039664811043652927, 0.0003461460113097139, 0.0002973350467836379, 0.00025075000000000016, 0.00020690126647990973, 0.0001662692621237505, 0.00012929915967404169, 9.639601130971382e-05, 6.792031080967287e-05, 4.418404390752081e-05, 2.5447270110570814e-05, 1.191527343346406e-05, 3.736313263547436e-06, 0.001, 0.0009993154526099096, 0.0009972636867364526, 0.0009938503261272714, 0.000989084726566536, 0.0009829799502313896, 0.0009755527298894294, 0.0009668234230353523, 0.0009568159560924792, 0.0009455577588320898, 0.0009330796891903273, 0.0009194159486887395, 0.0009046039886902864, 0.000888684407747757, 0.0008717008403259585, 0.0008536998372026805, 0.0008347307378762498, 0.0008148455353293939, 0.0007940987335200904, 0.0007725471979900062, 0.0007502500000000002, 0.0007272682546199037, 0.0007036649532163624, 0.0006795047907978776, 0.0006548539886902864, 0.0006297801130287093, 0.0006043518895634708, 0.0005786390152875954, 0.000552711967402193, 0.0005266418101433505, 0.0005005000000000002, 0.00047435818985664974]}