{"train_loss": [0.09937845242631313, 0.05812320671334427, 0.048839108197727014, 0.04486116563032498, 0.04116043911063835, 0.0393831158431949, 0.03680213542074837, 0.03506124463323472, 0.03327148118362523, 0.03275870358997799, 0.03194241822503263, 0.032168321595198626, 0.03132701590144286, 0.030401785697679, 0.030181705966117356, 0.02914847978094205, 0.027686443840267326, 0.027333647023931325, 0.02691987115190895, 0.026331178223627672, 0.025549742555095078, 0.0251510353492839, 0.02479654253362686, 0.02452178566641272, 0.023981316330908397, 0.02375489729656974, 0.023494002167231656, 0.02327897611415581, 0.022991944559675074, 0.02331202082246183, 0.03327261048678482, 0.029794664805027272, 0.029492411084421837, 0.02881748101188322, 0.028125744571078973, 0.028261347290724773, 0.02800416976546872, 0.02655029468873128, 0.026742290072271316, 0.025927618529051285, 0.027172366998730654, 0.025218753758080546, 0.025460908917161972, 0.024874762999031713, 0.02414272207824478, 0.023768833355910807, 0.023706842580948045, 0.022929268451519758, 0.023127410447035826, 0.022834561887019267], "val_loss": [0.22792883824246626, 0.2090112176568558, 0.3459802330161134, 0.26058830013498663, 0.16322218235582114, 0.2772100260170797, 0.18870969458172718, 0.21721229857454696, 0.17218108186498285, 0.26782949700330694, 0.2983599107402066, 0.3200906145075957, 0.23061854483870167, 0.26840168128255754, 0.1969070390953372, 0.13268207695024709, 0.18624350510848064, 0.25363343078643086, 0.20293114533803117, 0.12774155729760725, 0.17610270832665265, 0.1930617246311158, 0.1666033665339152, 0.16941172011817496, 0.19516355389108261, 0.2061222708163162, 0.19271036498248578, 0.17735345431913932, 0.2035287441375355, 0.19689619314546386, 0.20026443617728848, 0.18721413910388945, 0.1794652422890067, 0.14993329027978083, 0.17048595347441733, 0.18994510083769758, 0.26479627735291916, 0.17681183783958357, 0.18058069813996552, 0.17653526607900857, 0.1543666015379131, 0.18855790259937447, 0.23207915167634685, 0.19581714317513008, 0.20938989577504497, 0.15541007653810085, 0.18810474344839653, 0.16464204639196395, 0.2126430111626784, 0.2818595301515112], "lr": [0.0009972636867364526, 0.000989084726566536, 0.0009755527298894294, 0.0009568159560924792, 0.0009330796891903273, 0.0009046039886902864, 0.0008717008403259585, 0.0008347307378762498, 0.0007940987335200904, 0.0007502500000000002, 0.0007036649532163624, 0.0006548539886902864, 0.0006043518895634708, 0.000552711967402193, 0.0005005000000000002, 0.00044828803259780724, 0.00039664811043652927, 0.0003461460113097139, 0.0002973350467836379, 0.00025075000000000016, 0.00020690126647990973, 0.0001662692621237505, 0.00012929915967404169, 9.639601130971382e-05, 6.792031080967287e-05, 4.418404390752081e-05, 2.5447270110570814e-05, 1.191527343346406e-05, 3.736313263547436e-06, 0.001, 0.0009993154526099096, 0.0009972636867364526, 0.0009938503261272714, 0.000989084726566536, 0.0009829799502313896, 0.0009755527298894294, 0.0009668234230353523, 0.0009568159560924792, 0.0009455577588320898, 0.0009330796891903273, 0.0009194159486887395, 0.0009046039886902864, 0.000888684407747757, 0.0008717008403259585, 0.0008536998372026805, 0.0008347307378762498, 0.0008148455353293939, 0.0007940987335200904, 0.0007725471979900062, 0.0007502500000000002]}