{"train_loss": [0.11956173091126596, 0.06561966050615, 0.05093831503555409, 0.047000604846776046, 0.042166219607457235, 0.03839788911623717, 0.038450219147484394, 0.036554714565433036, 0.03798748896314591, 0.035560665701847786, 0.033629465375332845, 0.034910503314830456, 0.03331782137285822, 0.03256142776132451, 0.03258057086441583, 0.031373931694512934, 0.03045662040317274, 0.030292083132569637, 0.02978932873062187, 0.029296874595251376, 0.028744231693113218, 0.02848910987409226, 0.028073921781225634, 0.0276082479819758, 0.027158109368612147, 0.02713333064026605, 0.026337822203535633, 0.026397619526288288, 0.026061201942587677, 0.02609690919954477, 0.037719114000705455, 0.030833312561943896, 0.03139931920005358, 0.03252606342663658, 0.029717996030430373, 0.030598483926804157, 0.028811729763171246, 0.029248857734445962], "val_loss": [0.21916866526783754, 0.25217392624666296, 0.20659140494341652, 0.3179463210515678, 0.19945571821493407, 0.33186314365981767, 0.26531366429602105, 0.15566116361878812, 0.22821963435659806, 0.22484894273802639, 0.255652991309762, 0.23055769039007526, 0.1888717164285481, 0.23075107546367993, 0.19260316803120076, 0.19130346385451655, 0.2719325736630708, 0.2645812717343991, 0.2175028297662114, 0.3523929017673557, 0.23553373205165068, 0.2527065994217992, 0.2999955747431765, 0.24198090413895745, 0.24257692120348415, 0.23953799627100428, 0.24202344669805217, 0.26420180161173146, 0.25037796477166313, 0.24842855345147352, 0.25072172028012574, 0.2777117897135516, 0.15812550860767563, 0.2890556466765702, 0.28020849333455167, 0.3239438645852109, 0.25171767935001604, 0.2226248262062048], "lr": [0.0009972636867364526, 0.000989084726566536, 0.0009755527298894294, 0.0009568159560924792, 0.0009330796891903273, 0.0009046039886902864, 0.0008717008403259585, 0.0008347307378762498, 0.0007940987335200904, 0.0007502500000000002, 0.0007036649532163624, 0.0006548539886902864, 0.0006043518895634708, 0.000552711967402193, 0.0005005000000000002, 0.00044828803259780724, 0.00039664811043652927, 0.0003461460113097139, 0.0002973350467836379, 0.00025075000000000016, 0.00020690126647990973, 0.0001662692621237505, 0.00012929915967404169, 9.639601130971382e-05, 6.792031080967287e-05, 4.418404390752081e-05, 2.5447270110570814e-05, 1.191527343346406e-05, 3.736313263547436e-06, 0.001, 0.0009993154526099096, 0.0009972636867364526, 0.0009938503261272714, 0.000989084726566536, 0.0009829799502313896, 0.0009755527298894294, 0.0009668234230353523, 0.0009568159560924792]}