{"train_loss": [0.42451100597778957, 0.15104696688552696, 0.12356466745647292, 0.11754644177854061, 0.14099285192787647, 0.10485011696970711, 0.09643490966409445, 0.07860152065404691, 0.0846473431835572, 0.08811148256063461, 0.07629048731178045, 0.07583174246052901, 0.06989409594486157, 0.07072209728260835, 0.0726942060670505, 0.06588195002016922, 0.0601757931872271, 0.06112617515027523, 0.06593291678776343, 0.05613003891412518, 0.057943383635332184, 0.05697875423356891, 0.0533959588346382, 0.054215709275255604, 0.05569572616368532, 0.05380500288059314, 0.054433447867631914, 0.05393662139928589, 0.04984611766412854, 0.05198886451641253, 0.054892657014230885, 0.09064892126868168, 0.05951488148421049, 0.06692788408448298, 0.0638026339894471, 0.0597817930392921], "val_loss": [0.2550195902585983, 0.2247587357958158, 0.2358151878695935, 0.24748074434076747, 0.2702389905850093, 0.1792976172020038, 0.25021491716615857, 0.2463851634413004, 0.25645596608519555, 0.29344347544635335, 0.21239148847137887, 0.2658669158195456, 0.2958151911385357, 0.23518646145239472, 0.24358562727769215, 0.2908842305187136, 0.2572441967514654, 0.36983965810698766, 0.2665164045989513, 0.2731537031165014, 0.24864899402794738, 0.2932202947481225, 0.22477360206345717, 0.23416606041913232, 0.23932813728849092, 0.26665705698542297, 0.24751679877129693, 0.2471173448022455, 0.24454486140360435, 0.2430383000522852, 0.2773086320919295, 0.2579493082438906, 0.2763654812859992, 0.22657884598399203, 0.304941678714628, 0.23605207142730553], "lr": [0.0009972636867364526, 0.000989084726566536, 0.0009755527298894294, 0.0009568159560924792, 0.0009330796891903273, 0.0009046039886902864, 0.0008717008403259585, 0.0008347307378762498, 0.0007940987335200904, 0.0007502500000000002, 0.0007036649532163624, 0.0006548539886902864, 0.0006043518895634708, 0.000552711967402193, 0.0005005000000000002, 0.00044828803259780724, 0.00039664811043652927, 0.0003461460113097139, 0.0002973350467836379, 0.00025075000000000016, 0.00020690126647990973, 0.0001662692621237505, 0.00012929915967404169, 9.639601130971382e-05, 6.792031080967287e-05, 4.418404390752081e-05, 2.5447270110570814e-05, 1.191527343346406e-05, 3.736313263547436e-06, 0.001, 0.0009993154526099096, 0.0009972636867364526, 0.0009938503261272714, 0.000989084726566536, 0.0009829799502313896, 0.0009755527298894294]}