{"train_loss": [0.07619238168971651, 0.042021650611727836, 0.03716297443316855, 0.03496235213739904, 0.032341623713463274, 0.03151188199783834, 0.03213264341552778, 0.030528330462994368, 0.029699201470973942, 0.029532977616058845, 0.028709050930964587, 0.027968561452018197, 0.026860787035790826, 0.026855205879549912, 0.026109194914475956, 0.025844160824896014, 0.025678375441270357, 0.025259726451675207, 0.024838277591273016, 0.02454041457220881, 0.024113994053880112, 0.02421351723844053, 0.02366181069068472, 0.02371543503047412, 0.023503747458687163, 0.023337120240006073, 0.023070680382221855, 0.022998708239958705, 0.02296921839555026, 0.02312331303034997, 0.02961468270278281, 0.026130768717577916, 0.028505398626140814, 0.028002144410682498, 0.0256415406700293, 0.02731172260998406, 0.026102780437624554, 0.025632959231477535, 0.026707638119271012, 0.025956262605230124, 0.025191321499198983, 0.024890918171689234, 0.025267424455989566], "val_loss": [0.2709159918827936, 0.22319466864379744, 0.21229500689854225, 0.3144517362738649, 0.2163804217396925, 0.23582285121859362, 0.27031975590313473, 0.2039985668923085, 0.2997968361790602, 0.22398017341426263, 0.26078437329269943, 0.2240352916996926, 0.17223589294590055, 0.2747304150369018, 0.22663677587794762, 0.30327701275236907, 0.22283072270608198, 0.2247499108314514, 0.21507296563747028, 0.2986086044848586, 0.2682803823923071, 0.2302605787292123, 0.2756249240444352, 0.2525290894244487, 0.22680571419962992, 0.24388735245447607, 0.23289390774443747, 0.25121259335428475, 0.2393237998088201, 0.23813737000649174, 0.20984805691987277, 0.2945028888372084, 0.23510968385574718, 0.29425964841308694, 0.27296799852823217, 0.18785367074112097, 0.22327189889426033, 0.23136642205839356, 0.2493156517855823, 0.25071035462121166, 0.227760058377559, 0.23838552301749588, 0.23639279846102], "lr": [0.0009972636867364526, 0.000989084726566536, 0.0009755527298894294, 0.0009568159560924792, 0.0009330796891903273, 0.0009046039886902864, 0.0008717008403259585, 0.0008347307378762498, 0.0007940987335200904, 0.0007502500000000002, 0.0007036649532163624, 0.0006548539886902864, 0.0006043518895634708, 0.000552711967402193, 0.0005005000000000002, 0.00044828803259780724, 0.00039664811043652927, 0.0003461460113097139, 0.0002973350467836379, 0.00025075000000000016, 0.00020690126647990973, 0.0001662692621237505, 0.00012929915967404169, 9.639601130971382e-05, 6.792031080967287e-05, 4.418404390752081e-05, 2.5447270110570814e-05, 1.191527343346406e-05, 3.736313263547436e-06, 0.001, 0.0009993154526099096, 0.0009972636867364526, 0.0009938503261272714, 0.000989084726566536, 0.0009829799502313896, 0.0009755527298894294, 0.0009668234230353523, 0.0009568159560924792, 0.0009455577588320898, 0.0009330796891903273, 0.0009194159486887395, 0.0009046039886902864, 0.000888684407747757]}