{"train_loss": [0.06092550202602962, 0.04029972208008416, 0.035472691209006126, 0.03253136333288523, 0.030631943911291353, 0.02879609987317713, 0.027462441767108742, 0.026381460920042583, 0.025597103330695908, 0.024712234215008226, 0.02428952938546107, 0.023890187930668518, 0.02346528472500626, 0.023158577577875268, 0.022573715387977058, 0.0222500155693637, 0.02163812757615764, 0.02145394140455571, 0.02112393370517194, 0.020717687317397572, 0.020394322148533935, 0.019991959709869122, 0.01992854322359406, 0.019630111569961892, 0.019392031588414432, 0.01910027055841321, 0.019050144854723457, 0.018948240918095195, 0.018881988109248835, 0.018935641133065433, 0.024847063095956964, 0.02427563198225542, 0.023817141697119813, 0.023715479410076262, 0.02369006371593263, 0.02349532755851571, 0.02330057020825079, 0.023091063839986235, 0.023101003317253017, 0.02287121651917502, 0.02271775992518027, 0.02258211188159922, 0.02245068453296009, 0.02235239619295316, 0.022192828875374077, 0.021940806892224718, 0.021717379040786307, 0.02161948184816929, 0.021615143185465247, 0.021446887406558576, 0.02131801602579524, 0.021172316682518507, 0.02118903047123602, 0.02092838629721773, 0.020778678867765268, 0.02060835402225064, 0.020439794146294803, 0.020399249828162463, 0.020233432883696126], "val_loss": [0.026001255809059067, 0.02736393538784356, 0.015258225304405055, 0.015202769506422261, 0.01449410152065778, 0.013982239731347127, 0.0179635833670956, 0.015412503515460318, 0.013095726418654405, 0.013009601144961292, 0.014141128267041378, 0.013282334338122558, 0.014277504404045401, 0.012436415102603215, 0.013359979343330186, 0.013049108227865109, 0.012426556318983316, 0.012278849480583543, 0.012107514229888518, 0.0115128856935283, 0.011923920314368461, 0.011673060114375286, 0.011747872393067566, 0.011385282535376328, 0.011331677587041932, 0.011147813173010945, 0.010824360586177077, 0.010912287289336804, 0.010644156903576767, 0.010933188338493627, 0.013032877663781325, 0.013765658875326476, 0.012865143798051341, 0.013495956506249645, 0.0133934055657817, 0.012642687674792062, 0.01351526606407377, 0.012355613007750963, 0.016303985173092974, 0.01310176127815559, 0.013084610323271444, 0.012394679567566323, 0.012899796117938334, 0.015983176635458105, 0.012248343784332035, 0.011730413166655889, 0.0126408729101381, 0.013179329238952167, 0.011441753627056437, 0.012554706348436735, 0.01224283188686616, 0.011093049385254421, 0.011031106829778441, 0.010886132394173933, 0.011441105071665538, 0.011583861639542926, 0.010844805525735982, 0.011250551703626351, 0.010868866909145108], "lr": [0.0009972636867364526, 0.000989084726566536, 0.0009755527298894294, 0.0009568159560924792, 0.0009330796891903273, 0.0009046039886902864, 0.0008717008403259585, 0.0008347307378762498, 0.0007940987335200904, 0.0007502500000000002, 0.0007036649532163624, 0.0006548539886902864, 0.0006043518895634708, 0.000552711967402193, 0.0005005000000000002, 0.00044828803259780724, 0.00039664811043652927, 0.0003461460113097139, 0.0002973350467836379, 0.00025075000000000016, 0.00020690126647990973, 0.0001662692621237505, 0.00012929915967404169, 9.639601130971382e-05, 6.792031080967287e-05, 4.418404390752081e-05, 2.5447270110570814e-05, 1.191527343346406e-05, 3.736313263547436e-06, 0.001, 0.0009993154526099096, 0.0009972636867364526, 0.0009938503261272714, 0.000989084726566536, 0.0009829799502313896, 0.0009755527298894294, 0.0009668234230353523, 0.0009568159560924792, 0.0009455577588320898, 0.0009330796891903273, 0.0009194159486887395, 0.0009046039886902864, 0.000888684407747757, 0.0008717008403259585, 0.0008536998372026805, 0.0008347307378762498, 0.0008148455353293939, 0.0007940987335200904, 0.0007725471979900062, 0.0007502500000000002, 0.0007272682546199037, 0.0007036649532163624, 0.0006795047907978776, 0.0006548539886902864, 0.0006297801130287093, 0.0006043518895634708, 0.0005786390152875954, 0.000552711967402193, 0.0005266418101433505]}