{"train_loss": [0.05430004333838563, 0.03406096532100336, 0.029279956577408284, 0.02670477778521158, 0.02522731916617601, 0.023677052587166278, 0.023025237315950502, 0.022386331368088333, 0.021673283067218812, 0.021357027140276263, 0.020759274651070816, 0.020527063241883758, 0.01998455740449471, 0.01972403714447281, 0.019434639273978403, 0.019095463351199885, 0.01885527794355333, 0.01859501166615962, 0.018454284966386732, 0.018155532795237454, 0.01800332399526077, 0.017782856784955295, 0.01766943866429522, 0.01751121066578697, 0.017318650603083026, 0.017241329425671977, 0.017140821916639397, 0.017036694416428307, 0.017018008925856365, 0.01694905169549291, 0.02042181687632999, 0.019976993782836294], "val_loss": [0.10335211174923085, 0.07064308223104285, 0.1120103360529268, 0.08273327858337472, 0.08567886293355015, 0.08783862341736112, 0.11177048875364445, 0.07905188556610336, 0.08681593561214546, 0.07836133170302116, 0.08859789542733662, 0.08374832319696585, 0.101937388344067, 0.08832699631250673, 0.08559831117670383, 0.10456957331588192, 0.08510612917222804, 0.10693705748135765, 0.09240371895383202, 0.10243610171375857, 0.10992353828623891, 0.09984687572315094, 0.09235131261389583, 0.10407970346240027, 0.0876591545229237, 0.09417527057080259, 0.10518677074897793, 0.09893455190373765, 0.091460230610063, 0.09324188524436566, 0.07968950259964913, 0.12680231963074015], "lr": [0.0002991810233575568, 0.0002967330663097039, 0.0002926829491861254, 0.00028707504591756876, 0.0002799707978657736, 0.0002714480406590546, 0.00026160015140887043, 0.0002505350256506493, 0.0002383738952177247, 0.00022524999999999995, 0.00021130712813983212, 0.0001966980406590546, 0.00018158279777725497, 0.00016612700525851418, 0.0001505, 0.00013487299474148582, 0.00011941720222274495, 0.00010430195934094535, 8.969287186016788e-05, 7.575000000000001e-05, 6.262610478227527e-05, 5.046497434935073e-05, 3.939984859112958e-05, 2.955195934094537e-05, 2.102920213422641e-05, 1.3924954082431153e-05, 8.317050813874547e-06, 4.266933690296049e-06, 1.8189766424431264e-06, 0.0003, 0.00029979511544580873, 0.0002991810233575568]}