{"train_loss": [0.16198792356637218, 0.09952249227752609, 0.0807910955120479, 0.07497785471740269, 0.0719513050130298, 0.07148233741041153, 0.06623469731740413, 0.06308984314842571, 0.06467732069112601, 0.060035105013558944, 0.05748195516606493, 0.055028761076110023, 0.05189061825794558, 0.05510020445311262, 0.051507917923792716, 0.04950178826167699, 0.045815566554665565, 0.044807707620484215, 0.04047014996890099, 0.041734292171895504, 0.03994770558370698, 0.037064035813654625, 0.03811795237444101, 0.035769386998107354, 0.034585599697405295, 0.03467691010765491, 0.03432278115783007, 0.03216231572291543, 0.03251223936076126, 0.03186994259275736, 0.053047309058808514, 0.05429522969549702, 0.04793118991919102, 0.04589951344795765, 0.04541186156171945, 0.04873232336174096, 0.0528423864875109, 0.0455054099100732, 0.04280235104623341, 0.04078509757715848, 0.04309782139476268, 0.040862993247086005, 0.03884167359360764, 0.042641011246990775, 0.04144019976017937, 0.04110294916937428, 0.038635843072927764, 0.036805696575151335, 0.04141167214801235], "val_loss": [0.12108892719111135, 0.11420432664453983, 0.1016677662640089, 0.11147054750472307, 0.11376691486446126, 0.0796703891227803, 0.10910389314015065, 0.10208776041925434, 0.08383282485808577, 0.07718917060523264, 0.12241821811203996, 0.09097541647873097, 0.09538483637715539, 0.07054094563148194, 0.09133105740822371, 0.08687098031382888, 0.1254305515378233, 0.09713389852174348, 0.06679637368107515, 0.10777244144569963, 0.08391534082681662, 0.09226181866571066, 0.08648004895827223, 0.09464435059306843, 0.08365208515146326, 0.08883723748787757, 0.08910757444438434, 0.08957665475205548, 0.08862896583553764, 0.0894512144788619, 0.08312893286347389, 0.09484525007616368, 0.11379173821619441, 0.07615128422396318, 0.10171636437336283, 0.1551440775454525, 0.15014735730965773, 0.08054395326443257, 0.07594604034637732, 0.08406037176328321, 0.1765393787964938, 0.07744672346199231, 0.1313481632650139, 0.08526269334458536, 0.06942718916933142, 0.08619610256996126, 0.07015089891971119, 0.09945371882208894, 0.07688341319801346], "lr": [0.0009972636867364526, 0.000989084726566536, 0.0009755527298894294, 0.0009568159560924792, 0.0009330796891903273, 0.0009046039886902864, 0.0008717008403259585, 0.0008347307378762498, 0.0007940987335200904, 0.0007502500000000002, 0.0007036649532163624, 0.0006548539886902864, 0.0006043518895634708, 0.000552711967402193, 0.0005005000000000002, 0.00044828803259780724, 0.00039664811043652927, 0.0003461460113097139, 0.0002973350467836379, 0.00025075000000000016, 0.00020690126647990973, 0.0001662692621237505, 0.00012929915967404169, 9.639601130971382e-05, 6.792031080967287e-05, 4.418404390752081e-05, 2.5447270110570814e-05, 1.191527343346406e-05, 3.736313263547436e-06, 0.001, 0.0009993154526099096, 0.0009972636867364526, 0.0009938503261272714, 0.000989084726566536, 0.0009829799502313896, 0.0009755527298894294, 0.0009668234230353523, 0.0009568159560924792, 0.0009455577588320898, 0.0009330796891903273, 0.0009194159486887395, 0.0009046039886902864, 0.000888684407747757, 0.0008717008403259585, 0.0008536998372026805, 0.0008347307378762498, 0.0008148455353293939, 0.0007940987335200904, 0.0007725471979900062]}