{"train_loss": [0.05579000087300049, 0.035724857198952034, 0.030870626404526803, 0.027380173218463564, 0.026015344226169867, 0.024384149776563356, 0.023338378290152333, 0.02265550495062496, 0.02206282224141749, 0.021783808363467348, 0.021144683141064567, 0.020548839588173738, 0.020031347727499607, 0.01980154329007792, 0.019632831299061064, 0.019023129240681672, 0.01882627498501815, 0.018333311080641103, 0.018107262214558897, 0.01782898347078418, 0.017561224799689464, 0.017228845277340202, 0.017048855580603275, 0.01694396041020299, 0.016698990759470435, 0.016549531563376765, 0.016465037213629314, 0.016374061621706126, 0.016383019941584136, 0.016346421468678655, 0.02149191733150897, 0.02020431833689711, 0.020923929974190188, 0.01995121730770278, 0.020387934823892465], "val_loss": [0.07374364634855621, 0.08706886925163769, 0.09118540421308528, 0.07205028350525085, 0.0669808516188735, 0.09013578346780231, 0.08891948307263514, 0.07564854682723601, 0.07119645612434514, 0.10928163502455479, 0.08632368569247305, 0.07463357086113144, 0.08829050624532805, 0.09107509214851645, 0.08096436577879133, 0.07359950716847614, 0.10457603770473431, 0.1293034087190585, 0.0955138147973846, 0.07974129381980147, 0.10221473555711488, 0.09412978153916136, 0.10545579276438202, 0.09485178772780684, 0.08925809681175216, 0.09725129895753437, 0.09645745315168414, 0.10710672790845556, 0.1010405668132608, 0.09695319456589077, 0.11106941783650508, 0.10279617205472483, 0.07367509369918655, 0.13531893723824573, 0.07741620955658296], "lr": [0.0009972636867364526, 0.000989084726566536, 0.0009755527298894294, 0.0009568159560924792, 0.0009330796891903273, 0.0009046039886902864, 0.0008717008403259585, 0.0008347307378762498, 0.0007940987335200904, 0.0007502500000000002, 0.0007036649532163624, 0.0006548539886902864, 0.0006043518895634708, 0.000552711967402193, 0.0005005000000000002, 0.00044828803259780724, 0.00039664811043652927, 0.0003461460113097139, 0.0002973350467836379, 0.00025075000000000016, 0.00020690126647990973, 0.0001662692621237505, 0.00012929915967404169, 9.639601130971382e-05, 6.792031080967287e-05, 4.418404390752081e-05, 2.5447270110570814e-05, 1.191527343346406e-05, 3.736313263547436e-06, 0.001, 0.0009993154526099096, 0.0009972636867364526, 0.0009938503261272714, 0.000989084726566536, 0.0009829799502313896]}