{"train_loss": [0.0753629847878276, 0.04562864165765271, 0.038282514533852306, 0.03516150288551002, 0.03315992894663666, 0.03022723011338526, 0.028695767736267343, 0.027485169940905156, 0.026259078459773204, 0.026107824554768587, 0.024569857341845344, 0.023864505278931806, 0.02327984696999496, 0.02308585433807063, 0.022420823704618308, 0.022028478115232328, 0.021728147337396843, 0.021209842986150203, 0.02074771805286116, 0.020548323099520406, 0.02030510405881578, 0.020046904579126796, 0.01982159236637297, 0.019554595298269657, 0.019278884844090897, 0.01920509972998959, 0.01878833819557203, 0.018941476164627047, 0.018723367710355685, 0.01886950863317299, 0.024059448067854844, 0.023114525438259797], "val_loss": [0.11522751249703428, 0.06769171322605783, 0.07034280136107438, 0.06810063698268946, 0.07498838091569562, 0.0924041495102668, 0.09268927488536123, 0.07450996850797485, 0.10511942489463236, 0.11238423513714224, 0.09708196099006361, 0.09560258282468684, 0.07291803502237364, 0.09623848093343118, 0.0764059810899198, 0.09766207447636031, 0.07714700918163984, 0.0905929111665295, 0.08190676136573236, 0.08730011948594643, 0.08109928370874014, 0.0909653555812134, 0.08916200196460611, 0.08470838415556617, 0.09618804877954384, 0.099296391919075, 0.0862134175014592, 0.09462326015495966, 0.09082554423460557, 0.09104240346970337, 0.10785444055293356, 0.10398637549951673], "lr": [0.0002991810233575568, 0.0002967330663097039, 0.0002926829491861254, 0.00028707504591756876, 0.0002799707978657736, 0.0002714480406590546, 0.00026160015140887043, 0.0002505350256506493, 0.0002383738952177247, 0.00022524999999999995, 0.00021130712813983212, 0.0001966980406590546, 0.00018158279777725497, 0.00016612700525851418, 0.0001505, 0.00013487299474148582, 0.00011941720222274495, 0.00010430195934094535, 8.969287186016788e-05, 7.575000000000001e-05, 6.262610478227527e-05, 5.046497434935073e-05, 3.939984859112958e-05, 2.955195934094537e-05, 2.102920213422641e-05, 1.3924954082431153e-05, 8.317050813874547e-06, 4.266933690296049e-06, 1.8189766424431264e-06, 0.0003, 0.00029979511544580873, 0.0002991810233575568]}