{"train_loss": [0.08144291572628723, 0.05678172065420369, 0.046790548795419586, 0.04233170123103436, 0.03898827189146809, 0.037489231464015185, 0.03554971573821772, 0.03399263003064435, 0.03273862155900619, 0.03179041618768461, 0.030659301932516887, 0.029120134171523177, 0.028819512558168652, 0.028003050375883503, 0.02693460557466205, 0.026182916576607027, 0.02556263576499333, 0.025043810047330608, 0.024393563830252256, 0.024231285786096422, 0.023686795596571296, 0.023020833733731257, 0.022513988856064412, 0.02247057378648029, 0.02216433499708173, 0.02185349420358171, 0.021704929868663368, 0.021629312244040667, 0.021474818244018267, 0.021480275462123683, 0.029905489292481144, 0.028690008806058657, 0.0278766232291914, 0.02796035179267683, 0.02693037019261886, 0.026703290357663986, 0.027019686500433668, 0.02667654987452926, 0.026345242525225385, 0.02639678287816342, 0.026110970932407856, 0.025262231970393987, 0.025191912452824795, 0.025264084557562776, 0.02473315249129434, 0.024535335268699904, 0.024423975690624936, 0.024400511628115927, 0.02428674341425154, 0.02417981514280478, 0.0239341714582229, 0.023249821897685107, 0.02346136016481992], "val_loss": [0.05697797992146544, 0.03775272384706524, 0.1123788612444074, 0.06559160555292282, 0.01757128149526374, 0.020431157066336563, 0.019740116129058502, 0.015501366530154501, 0.01857613993718499, 0.02263705234133428, 0.022115912303448684, 0.015925141149050286, 0.01787372221869807, 0.013963705544630367, 0.026201321332219748, 0.014317657261516058, 0.013769769781990158, 0.031308260397054255, 0.013110762304295935, 0.01249154067538198, 0.012859114898263567, 0.014073842805960485, 0.01159718847972521, 0.012016975681387609, 0.011876836092391561, 0.011607094679117923, 0.011891728522436272, 0.011715263150812637, 0.011610763173760665, 0.011857566292277508, 0.017130172586128596, 0.016933120681994384, 0.013495886533130561, 0.01641447641586344, 0.013933785946949596, 0.028569496724934827, 0.013139833065290605, 0.014345085843571371, 0.013073393988663392, 0.014941492493474675, 0.03526082422373997, 0.014782311541268663, 0.01680170862199438, 0.10267011719875999, 0.01953489506136506, 0.01323037635865471, 0.014429187250038188, 0.013883460268017745, 0.012295790902909732, 0.013416963937361874, 0.013117335853166878, 0.012656161317511672, 0.05000867341239486], "lr": [0.0009972636867364526, 0.000989084726566536, 0.0009755527298894294, 0.0009568159560924792, 0.0009330796891903273, 0.0009046039886902864, 0.0008717008403259585, 0.0008347307378762498, 0.0007940987335200904, 0.0007502500000000002, 0.0007036649532163624, 0.0006548539886902864, 0.0006043518895634708, 0.000552711967402193, 0.0005005000000000002, 0.00044828803259780724, 0.00039664811043652927, 0.0003461460113097139, 0.0002973350467836379, 0.00025075000000000016, 0.00020690126647990973, 0.0001662692621237505, 0.00012929915967404169, 9.639601130971382e-05, 6.792031080967287e-05, 4.418404390752081e-05, 2.5447270110570814e-05, 1.191527343346406e-05, 3.736313263547436e-06, 0.001, 0.0009993154526099096, 0.0009972636867364526, 0.0009938503261272714, 0.000989084726566536, 0.0009829799502313896, 0.0009755527298894294, 0.0009668234230353523, 0.0009568159560924792, 0.0009455577588320898, 0.0009330796891903273, 0.0009194159486887395, 0.0009046039886902864, 0.000888684407747757, 0.0008717008403259585, 0.0008536998372026805, 0.0008347307378762498, 0.0008148455353293939, 0.0007940987335200904, 0.0007725471979900062, 0.0007502500000000002, 0.0007272682546199037, 0.0007036649532163624, 0.0006795047907978776]}