{"train_loss": [0.07667637733892882, 0.04858397455246908, 0.03788483459289932, 0.035461562296289106, 0.03307400832139411, 0.030705881548685667, 0.02951450878716307, 0.02894715607217904, 0.027628158732258944, 0.026670406775939192, 0.025712175198360828, 0.025204932466665466, 0.024280495094568047, 0.024039702092243483, 0.023305606677636394, 0.02272315431817358, 0.022314978475031954, 0.021817379351781217, 0.021480979221040336, 0.020983585674154776, 0.02077146935995483, 0.020290233515136206, 0.020182602467681807, 0.01978849319053454, 0.01955128738090408, 0.01940806619914062, 0.01912978434587579, 0.019155616931216497, 0.01905086880038206, 0.01913111924687924, 0.02792525239222013, 0.023632747184913285, 0.02483536048087169], "val_loss": [0.09626300707309236, 0.13204767449849075, 0.059868148340272806, 0.16619453781975374, 0.08259407074130591, 0.11679764837026596, 0.08369622860224016, 0.14532616177964355, 0.14964667513906474, 0.08072201276738797, 0.08258701291596217, 0.0731638053341979, 0.08331980659896808, 0.13682673849736252, 0.08411309981508361, 0.11906042607921746, 0.07386410620904738, 0.07919718730714052, 0.07158927389630867, 0.09838124148307308, 0.08599707467721836, 0.10050501074311474, 0.09383840466879549, 0.08196276833393401, 0.08453758542741378, 0.09348418788173266, 0.08881120781429232, 0.08752698102034628, 0.08903240657321387, 0.08929369992185984, 0.0729450259598032, 0.08218766949439962, 0.0911083787889971], "lr": [0.0009972636867364526, 0.000989084726566536, 0.0009755527298894294, 0.0009568159560924792, 0.0009330796891903273, 0.0009046039886902864, 0.0008717008403259585, 0.0008347307378762498, 0.0007940987335200904, 0.0007502500000000002, 0.0007036649532163624, 0.0006548539886902864, 0.0006043518895634708, 0.000552711967402193, 0.0005005000000000002, 0.00044828803259780724, 0.00039664811043652927, 0.0003461460113097139, 0.0002973350467836379, 0.00025075000000000016, 0.00020690126647990973, 0.0001662692621237505, 0.00012929915967404169, 9.639601130971382e-05, 6.792031080967287e-05, 4.418404390752081e-05, 2.5447270110570814e-05, 1.191527343346406e-05, 3.736313263547436e-06, 0.001, 0.0009993154526099096, 0.0009972636867364526, 0.0009938503261272714]}