{"train_loss": [0.08261159853895894, 0.05362268630946518, 0.04367211099088605, 0.037685616454982425, 0.03440467716887678, 0.03189042862428818, 0.029410344861241357, 0.026443572360460556, 0.025594871249824108, 0.024272869322099818, 0.025087708044879156, 0.022857784821113728, 0.02312858908239087, 0.021952839180396016, 0.0218428810269017, 0.021548965019071453, 0.020724495974184905, 0.020457679839970235, 0.020146635964439958, 0.019797565316069438, 0.019418544552691992, 0.019302072682810343, 0.019161452932439642, 0.01889731643300962, 0.01887381327290698, 0.018626180570800323, 0.01868789129189922, 0.018558623437703675, 0.018516950798847128, 0.01849740543330624, 0.030194731366220244, 0.025693932249109826], "val_loss": [0.07809770216925009, 0.07650173284233577, 0.09448056510319153, 0.10054831076864033, 0.07799356023690873, 0.09898348730958757, 0.11448434053830081, 0.08795379927652257, 0.09675062287058081, 0.08141961583732477, 0.09650052335083244, 0.1036076590028261, 0.12891397482129716, 0.09716752080637361, 0.08614313044405032, 0.094511893998471, 0.09007626022362421, 0.09505561269038627, 0.10881494410005549, 0.08702124787809988, 0.09887044097206765, 0.10436081293699963, 0.10379022259956165, 0.09261044082156714, 0.09251328408267469, 0.09082722087435785, 0.09037892266942729, 0.09218132650599845, 0.09289179947377453, 0.09218172899883, 0.08277233756117282, 0.10339582542468223], "lr": [0.0009972636867364526, 0.000989084726566536, 0.0009755527298894294, 0.0009568159560924792, 0.0009330796891903273, 0.0009046039886902864, 0.0008717008403259585, 0.0008347307378762498, 0.0007940987335200904, 0.0007502500000000002, 0.0007036649532163624, 0.0006548539886902864, 0.0006043518895634708, 0.000552711967402193, 0.0005005000000000002, 0.00044828803259780724, 0.00039664811043652927, 0.0003461460113097139, 0.0002973350467836379, 0.00025075000000000016, 0.00020690126647990973, 0.0001662692621237505, 0.00012929915967404169, 9.639601130971382e-05, 6.792031080967287e-05, 4.418404390752081e-05, 2.5447270110570814e-05, 1.191527343346406e-05, 3.736313263547436e-06, 0.001, 0.0009993154526099096, 0.0009972636867364526]}