{"train_loss": [0.2706177100058525, 0.10068170852478474, 0.08045267848478209, 0.08046263834882167, 0.07504822992749753, 0.073639340878975, 0.06700620172365059, 0.06480204872786999, 0.06602303824958301, 0.06403821941104627, 0.06014585425896991, 0.06572835240513086, 0.061601662888161594, 0.06182175403040263, 0.05804623813638764, 0.0560604086025588, 0.05811871687370923, 0.053527672955345725, 0.05488430970017948, 0.051718593965615, 0.050608370272863294, 0.051664836194005706, 0.049538196094574466, 0.04921225503447556, 0.047006001215307944, 0.04599263455959097, 0.04491382587941423, 0.0450799212220215, 0.04384449143863974, 0.043227961767585046, 0.06240380462259054, 0.06300629302859306, 0.06210925282850381, 0.05371543641893133, 0.05428901050359972, 0.05322344873040434, 0.05325680033814523, 0.048513553616019986, 0.04856352291760906, 0.061012542355925806, 0.05484147622219978, 0.05247630686649392, 0.04547542168368255, 0.043866056978942886, 0.04415444867505181, 0.04921612137508008, 0.04380164338996814, 0.04579521255988267, 0.04163868414358266, 0.0411148160215347, 0.05189000944336576, 0.0419144862061066, 0.04070195639806409, 0.03775015939027071, 0.03841525024824565, 0.038842106328135534, 0.03558257513589436, 0.038976120462100354, 0.0375472558962722, 0.0362172108594208, 0.034742189571261406, 0.03586740990079219, 0.03615500336332667, 0.034548189761417526, 0.03342029398247119, 0.03356173310068346, 0.03435073762891754], "val_loss": [0.08707620182465162, 0.0881091158296312, 0.10962590726933652, 0.10278459117116948, 0.09333673121047116, 0.09436358978611327, 0.10854104314480097, 0.1104737558221865, 0.07679321594356049, 0.07696668655731745, 0.09025062591348204, 0.100534001365304, 0.0918437707267942, 0.10131350179172811, 0.08258211722357138, 0.0998755732641345, 0.0822998012881726, 0.09276583407359619, 0.0955587505407992, 0.0993742564272496, 0.0964593679584082, 0.09507519804361847, 0.10079221803725007, 0.09913954680274811, 0.10732255977833824, 0.11397660083528008, 0.10304007981152784, 0.09902570876593311, 0.10062610510841853, 0.09936434197269621, 0.10941975412049121, 0.11084044574489517, 0.07922729566663263, 0.12399992381312674, 0.13071725675986418, 0.07823012196909516, 0.07348055778551967, 0.08876888463724285, 0.11242693198484278, 0.10720397677693155, 0.10962774586533347, 0.08847254376497961, 0.09972340897506764, 0.09482898875965827, 0.1206789288008886, 0.1183677522931248, 0.09558717787806545, 0.1161501030062115, 0.11635916396945474, 0.12585478825044008, 0.10331329553868741, 0.08866348449936917, 0.08600524054735058, 0.09179090338218357, 0.09863731838131864, 0.09033078617686706, 0.1019054773721784, 0.10931790492407256, 0.11021630035998721, 0.11304688703779492, 0.09540457863570942, 0.10212439534089138, 0.10041759413997492, 0.12975462073189836, 0.09203285262769749, 0.10464676767737875, 0.09463456786808468], "lr": [0.0009972636867364526, 0.000989084726566536, 0.0009755527298894294, 0.0009568159560924792, 0.0009330796891903273, 0.0009046039886902864, 0.0008717008403259585, 0.0008347307378762498, 0.0007940987335200904, 0.0007502500000000002, 0.0007036649532163624, 0.0006548539886902864, 0.0006043518895634708, 0.000552711967402193, 0.0005005000000000002, 0.00044828803259780724, 0.00039664811043652927, 0.0003461460113097139, 0.0002973350467836379, 0.00025075000000000016, 0.00020690126647990973, 0.0001662692621237505, 0.00012929915967404169, 9.639601130971382e-05, 6.792031080967287e-05, 4.418404390752081e-05, 2.5447270110570814e-05, 1.191527343346406e-05, 3.736313263547436e-06, 0.001, 0.0009993154526099096, 0.0009972636867364526, 0.0009938503261272714, 0.000989084726566536, 0.0009829799502313896, 0.0009755527298894294, 0.0009668234230353523, 0.0009568159560924792, 0.0009455577588320898, 0.0009330796891903273, 0.0009194159486887395, 0.0009046039886902864, 0.000888684407747757, 0.0008717008403259585, 0.0008536998372026805, 0.0008347307378762498, 0.0008148455353293939, 0.0007940987335200904, 0.0007725471979900062, 0.0007502500000000002, 0.0007272682546199037, 0.0007036649532163624, 0.0006795047907978776, 0.0006548539886902864, 0.0006297801130287093, 0.0006043518895634708, 0.0005786390152875954, 0.000552711967402193, 0.0005266418101433505, 0.0005005000000000002, 0.00047435818985664974, 0.00044828803259780724, 0.00042236098471240476, 0.00039664811043652927, 0.000371219886971291, 0.0003461460113097139, 0.00032149520920212257]}