{"train_loss": [0.06216259159476906, 0.03675363876653108, 0.029713049336033803, 0.02592578352306598, 0.02475784803164639, 0.023324941166527485, 0.022158201313831147, 0.022384573300413116, 0.02150632332212419, 0.020833284471136644, 0.02028495195237625, 0.020164608956901597, 0.019483920171878742, 0.018925084996352686, 0.018823272761480988, 0.018315404853660566, 0.018124681595320574, 0.017754161139184328, 0.017579663010756842, 0.01729722892717353, 0.017125085258281287, 0.01687319808766212, 0.016721220666231097, 0.016658558045038095, 0.01656246516443024, 0.016392512224799247, 0.016391264349416526, 0.016279972226240218, 0.01625600008125152, 0.016270111434442243, 0.023850492359040944, 0.019821703252250484, 0.02006456606092498, 0.019175445939100522, 0.019258679662514412, 0.01924809794095632, 0.018765717975304557, 0.018658528446041007, 0.018409343669874238, 0.018302917696370397, 0.018043574567350982, 0.018057869562959978, 0.017874036529649535, 0.018147920028321423], "val_loss": [0.10686427761890716, 0.1275001739887821, 0.08911341831328408, 0.1316715555731207, 0.08897356903781334, 0.0980990729595144, 0.10964679477676269, 0.09236319033398983, 0.09842892168390174, 0.08560512701590214, 0.09459411257111858, 0.12736263408911444, 0.09456053955270158, 0.08547714387907857, 0.08615172296131571, 0.1005535367050118, 0.10281663296008182, 0.08970052730892936, 0.0940067088531871, 0.12218369160508437, 0.086093740372528, 0.09198804404361234, 0.0925599641895162, 0.08975699872544576, 0.09168442857692079, 0.091749896355454, 0.09115839036061399, 0.0902983701765357, 0.0909440963333773, 0.09059457216907534, 0.09489311362361355, 0.1058582124683345, 0.09947390550176703, 0.11686002415409612, 0.08736677368682239, 0.10041518779771944, 0.09982308608690096, 0.09950183712006096, 0.09416462107366251, 0.0962300990828343, 0.10283087297237568, 0.09094806393277982, 0.09028187823376708, 0.10019661197739263], "lr": [0.0009972636867364526, 0.000989084726566536, 0.0009755527298894294, 0.0009568159560924792, 0.0009330796891903273, 0.0009046039886902864, 0.0008717008403259585, 0.0008347307378762498, 0.0007940987335200904, 0.0007502500000000002, 0.0007036649532163624, 0.0006548539886902864, 0.0006043518895634708, 0.000552711967402193, 0.0005005000000000002, 0.00044828803259780724, 0.00039664811043652927, 0.0003461460113097139, 0.0002973350467836379, 0.00025075000000000016, 0.00020690126647990973, 0.0001662692621237505, 0.00012929915967404169, 9.639601130971382e-05, 6.792031080967287e-05, 4.418404390752081e-05, 2.5447270110570814e-05, 1.191527343346406e-05, 3.736313263547436e-06, 0.001, 0.0009993154526099096, 0.0009972636867364526, 0.0009938503261272714, 0.000989084726566536, 0.0009829799502313896, 0.0009755527298894294, 0.0009668234230353523, 0.0009568159560924792, 0.0009455577588320898, 0.0009330796891903273, 0.0009194159486887395, 0.0009046039886902864, 0.000888684407747757, 0.0008717008403259585]}